,Address,Ins,Outs,Balance,Label,In_amount,Out_amount,Total,First_in,Last_in,First_out,Last_out,Address_length,Percentage,Diff,Percentage_ins,Percentage_outs,Percentage_diff,Interval_in,Interval_out,Interval_diff,Interval_first,Interval_in_days,Interval_out_days,Interval_first_days,Avg_acc_in,Avg_acc_out,Diff_avg_acc,Last_transaction,Interval_from_last_tx,Interval_from_last_tx_days,Last_future,genesis,First in,genesis_to_first_in,genesis_to_first_in_days
1,DBs4WcRE7eysKwRxHNX88XZVCQ9M6QSUSz,313.0,72.0,29161940000.0,Exchange,42620987112.225,13459043074.0,385.0,2021-02-06 20:20:00,2022-06-03 20:36:00,2021-04-12 09:14:00,2022-06-23 20:36:00,34,21.980809527398808,241.0,81.2987012987013,18.7012987012987,62.5974025974026,482 days 00:16:00.000000000,437 days 11:22:00.000000000,44 days 12:54:00.000000000,64 days 12:54:00.000000000,482.0,437.0,64.0,88425284.46519709,30798725.56979405,57626558.895403035,2022-06-23 20:36:00,18 days 20:24:00.000000000,18.0,False,2013-12-06 00:00:00,2021-02-06 20:20:00,2619 days 20:20:00.000000000,2619.0
2,DE5opaXjFgDhFBqL6tBDxTAQ56zkX6EToX,276.0,229.0,7247474403.0,Exchange,38936381328.429565,31688906925.386364,505.0,2019-07-17 09:41:00,2022-07-01 13:36:00,2019-07-17 10:27:00,2022-06-25 01:55:00,34,5.462783148413356,47.0,54.65346534653466,45.34653465346535,9.306930693069306,1080 days 03:55:00.000000000,1073 days 15:28:00.000000000,6 days 12:27:00.000000000,0 days 00:46:00.000000000,1080.0,1073.0,0.0,36052204.93373108,29532998.066529695,6519206.867201384,2022-07-01 13:36:00,11 days 03:24:00.000000000,11.0,False,2013-12-06 00:00:00,2019-07-17 09:41:00,2049 days 09:41:00.000000000,2049.0
3,DRSqEwcnJX3GZWH9Twtwk8D5ewqdJzi13k,6024.0,5928.0,6850847195.0,,6013217937.72265,837629257.7746412,11952.0,2019-09-24 03:35:00,2022-07-06 04:08:00,2019-11-11 10:48:00,2022-06-26 04:41:00,34,5.163825427753071,96.0,50.401606425702816,49.59839357429719,0.8032128514056224,1016 days 00:33:00.000000000,957 days 17:53:00.000000000,58 days 06:40:00.000000000,48 days 07:13:00.000000000,1016.0,957.0,48.0,5918521.592246702,875265.6821051632,5043255.910141539,2022-07-06 04:08:00,6 days 12:52:00.000000000,6.0,False,2013-12-06 00:00:00,2019-09-24 03:35:00,2118 days 03:35:00.000000000,2118.0
4,DNgY1uss7Q7LkSewUXWiRhwBFk5N84aF71,78.0,16.0,5443867629.0,Exchange,7962395101.452212,2518527472.0,94.0,2021-03-30 00:28:00,2022-06-07 21:09:00,2021-05-09 15:16:00,2021-10-28 19:27:00,34,4.10331471244441,62.0,82.97872340425532,17.02127659574468,65.95744680851064,434 days 20:41:00.000000000,172 days 04:11:00.000000000,262 days 16:30:00.000000000,40 days 14:48:00.000000000,434.0,172.0,40.0,18346532.491825376,14642601.581395349,3703930.910430027,2022-06-07 21:09:00,34 days 19:51:00.000000000,34.0,False,2013-12-06 00:00:00,2021-03-30 00:28:00,2671 days 00:28:00.000000000,2671.0
5,DDTtqnuZ5kfRT5qh2c7sNtqrJmV3iXYdGG,592.0,1.0,5031001896.0,Exchange,5032001896.082205,999999.9,593.0,2014-01-11 10:15:00,2022-06-01 03:03:00,2014-01-13 11:26:00,2014-01-13 11:26:00,34,3.7921172050953493,591.0,99.83136593591905,0.16863406408094433,99.6627318718381,3062 days 16:48:00.000000000,0 days 00:00:00.000000000,3062 days 16:48:00.000000000,2 days 01:11:00.000000000,3062.0,0.0,2.0,1643370.9654089499,inf,-inf,2022-06-01 03:03:00,41 days 13:57:00.000000000,41.0,False,2013-12-06 00:00:00,2014-01-11 10:15:00,36 days 10:15:00.000000000,36.0
6,DH5yaieqoZN36fDVciNyRueRGvGLR3mr7L,1261.0,98.0,2532571944.0,Exchange,55812851353.60029,53280279409.34333,1359.0,2019-02-06 03:04:00,2022-04-21 14:14:00,2019-02-10 21:12:00,2022-06-06 23:05:00,34,1.908925864174267,1163.0,92.7888153053716,7.211184694628403,85.5776306107432,1170 days 11:10:00.000000000,1212 days 01:53:00.000000000,-42 days +09:17:00.000000000,4 days 18:08:00.000000000,1170.0,1212.0,4.0,47703291.755213924,43960626.57536578,3742665.179848142,2022-06-06 23:05:00,35 days 17:55:00.000000000,35.0,False,2013-12-06 00:00:00,2019-02-06 03:04:00,1888 days 03:04:00.000000000,1888.0
7,DGottmgfevJzhhfmvGdA2JpMjMJ1DsSKjJ,7.0,6.0,2381615532.0,Exchange,2381615537.9938173,6.04121222,13.0,2022-01-27 15:01:00,2022-02-09 03:57:00,2022-04-25 17:17:00,2022-04-25 17:17:00,34,1.7951424828521898,1.0,53.84615384615385,46.15384615384615,7.6923076923076925,12 days 12:56:00.000000000,0 days 00:00:00.000000000,12 days 12:56:00.000000000,88 days 02:16:00.000000000,12.0,0.0,88.0,198467961.49948478,inf,-inf,2022-04-25 17:17:00,77 days 23:43:00.000000000,77.0,False,2013-12-06 00:00:00,2022-01-27 15:01:00,2974 days 15:01:00.000000000,2974.0
8,DDogepartyxxxxxxxxxxxxxxxxxxw1dfzr,3364.0,0.0,1854583757.0,,1854583756.8710945,0.0,3364.0,2014-08-12 19:30:00,2022-07-05 16:59:00,,,34,1.3978923321022085,3364.0,100.0,0.0,100.0,2883 days 21:29:00.000000000,,,,2883.0,,,643282.607308739,,,2022-07-05 16:59:00,7 days 00:01:00.000000000,7.0,False,2013-12-06 00:00:00,2014-08-12 19:30:00,249 days 19:30:00.000000000,249.0
9,DGmzv39riELTuigZCUD6sWoHEHPdSbxdUB,23.0,0.0,1400000007.0,Exchange,1400000006.9212122,0.0,23.0,2022-05-23 12:48:00,2022-06-20 21:59:00,,,34,1.0552498733700157,23.0,100.0,0.0,100.0,28 days 09:11:00.000000000,,,,28.0,,,50000000.24718615,,,2022-06-20 21:59:00,21 days 19:01:00.000000000,21.0,False,2013-12-06 00:00:00,2022-05-23 12:48:00,3090 days 12:48:00.000000000,3090.0
10,DHQsfy66JsYSnwjCABFN6NNqW4kHQe63oU,172.0,162.0,1332376871.0,,4946581074.527904,3614204203.2028008,334.0,2022-05-09 23:06:00,2022-07-11 21:57:00,2022-05-20 18:43:00,2022-07-11 19:16:00,34,1.0042789409813824,10.0,51.49700598802395,48.50299401197605,2.9940119760479043,62 days 22:51:00.000000000,52 days 00:33:00.000000000,10 days 22:18:00.000000000,10 days 19:37:00.000000000,62.0,52.0,10.0,79783565.718192,69503926.98466924,10279638.733522758,2022-07-11 21:57:00,0 days 19:03:00.000000000,0.0,False,2013-12-06 00:00:00,2022-05-09 23:06:00,3076 days 23:06:00.000000000,3076.0
11,DTXwWCTpM6pP7NtqquiMdBE385AuW1desV,8.0,0.0,1270009977.0,,1270009976.6500926,0.0,8.0,2022-01-14 07:48:00,2022-01-27 03:38:00,,,34,0.9572699005050124,8.0,100.0,0.0,100.0,12 days 19:50:00.000000000,,,,12.0,,,105834164.72084105,,,2022-01-27 03:38:00,166 days 13:22:00.000000000,166.0,False,2013-12-06 00:00:00,2022-01-14 07:48:00,2961 days 07:48:00.000000000,2961.0
12,D9a1Ah7mUNAJwNqHPER4DN9zNLoqcYFDZW,33.0,0.0,1000010007.0,,1000010007.0612123,0.0,33.0,2016-06-13 17:13:00,2022-05-09 04:17:00,,,34,0.7537574485565689,33.0,100.0,0.0,100.0,2155 days 11:04:00.000000000,,,,2155.0,,,464041.76661773195,,,2022-05-09 04:17:00,64 days 12:43:00.000000000,64.0,False,2013-12-06 00:00:00,2016-06-13 17:13:00,920 days 17:13:00.000000000,920.0
13,D8WhgsmFUkf4imvsrwYjdhXL45LPz3bS1S,14.0,1.0,1000000039.0,Exchange,1000000040.7286316,2.0,15.0,2018-02-22 19:38:00,2021-12-29 05:21:00,2018-03-29 20:14:00,2018-03-29 20:14:00,34,0.7537499351775081,13.0,93.33333333333333,6.666666666666667,86.66666666666667,1405 days 09:43:00.000000000,0 days 00:00:00.000000000,1405 days 09:43:00.000000000,35 days 00:36:00.000000000,1405.0,0.0,35.0,711743.8012303428,inf,-inf,2021-12-29 05:21:00,195 days 11:39:00.000000000,195.0,False,2013-12-06 00:00:00,2018-02-22 19:38:00,1539 days 19:38:00.000000000,1539.0
14,D5zikmZbvK6ReZSFPDVGusqP3qKcJTjo4r,31.0,8.0,1000000028.0,,2739991373.421594,1739991345.0,39.0,2021-02-25 01:47:00,2021-12-29 05:21:00,2021-04-14 04:23:00,2021-10-13 01:46:00,34,0.7537499268862592,23.0,79.48717948717949,20.51282051282051,58.97435897435898,307 days 03:34:00.000000000,181 days 21:23:00.000000000,125 days 06:11:00.000000000,48 days 02:36:00.000000000,307.0,181.0,48.0,8925053.333620828,9613211.85082873,-688158.5172079019,2021-12-29 05:21:00,195 days 11:39:00.000000000,195.0,False,2013-12-06 00:00:00,2021-02-25 01:47:00,2638 days 01:47:00.000000000,2638.0
15,DEwbsuaPFeHtRKZKxUcxYqttroE4tXkMov,31.0,13.0,1000000027.0,Exchange,3215332543.041212,2215332516.0,44.0,2021-03-09 23:30:00,2021-12-29 05:21:00,2021-04-12 09:13:00,2021-10-27 02:19:00,34,0.7537499261325092,18.0,70.45454545454545,29.545454545454547,40.909090909090914,294 days 05:51:00.000000000,197 days 17:06:00.000000000,96 days 12:45:00.000000000,33 days 09:43:00.000000000,294.0,197.0,33.0,10936505.248439496,11245342.720812183,-308837.4723726865,2021-12-29 05:21:00,195 days 11:39:00.000000000,195.0,False,2013-12-06 00:00:00,2021-03-09 23:30:00,2650 days 23:30:00.000000000,2650.0
16,DHPVTGcxbaqPkodQ5vj6h6uDJrkf4Sg9r2,27.0,9.0,1000000021.0,Exchange,2694380245.041212,1694380224.0,36.0,2021-03-12 00:27:00,2021-12-29 05:21:00,2021-05-07 03:17:00,2021-10-28 19:27:00,34,0.7537499216100099,18.0,75.0,25.0,50.0,292 days 04:54:00.000000000,174 days 16:10:00.000000000,117 days 12:44:00.000000000,56 days 02:50:00.000000000,292.0,174.0,56.0,9227329.606305521,9737817.379310345,-510487.7730048243,2021-12-29 05:21:00,195 days 11:39:00.000000000,195.0,False,2013-12-06 00:00:00,2021-03-12 00:27:00,2653 days 00:27:00.000000000,2653.0
17,DHP3EmUAhAvWD8w4VTgn4FH37cduDhgKAA,28.0,11.0,1000000007.0,Exchange,2803884572.041212,1803884565.0,39.0,2021-03-25 23:19:00,2021-12-29 05:21:00,2021-04-12 09:14:00,2021-10-28 18:25:00,34,0.7537499110575111,17.0,71.7948717948718,28.205128205128204,43.58974358974359,278 days 06:02:00.000000000,199 days 09:11:00.000000000,78 days 20:51:00.000000000,17 days 09:55:00.000000000,278.0,199.0,17.0,10085915.72676695,9064746.557788944,1021169.1689780056,2021-12-29 05:21:00,195 days 11:39:00.000000000,195.0,False,2013-12-06 00:00:00,2021-03-25 23:19:00,2666 days 23:19:00.000000000,2666.0
18,DPEzPFx1YAg2AndcYXD9ouPiNT5izSgeHL,46.0,43.0,995000862.0,,51883552460.12671,50888551598.071205,89.0,2019-01-09 01:28:00,2022-03-25 04:04:00,2019-01-10 00:14:00,2021-12-29 21:32:00,34,0.7499818059847743,3.0,51.68539325842697,48.31460674157304,3.3707865168539324,1171 days 02:36:00.000000000,1084 days 21:18:00.000000000,86 days 05:18:00.000000000,0 days 22:46:00.000000000,1171.0,1084.0,0.0,44307047.36133792,46945158.30080369,-2638110.9394657686,2022-03-25 04:04:00,109 days 12:56:00.000000000,109.0,False,2013-12-06 00:00:00,2019-01-09 01:28:00,1860 days 01:28:00.000000000,1860.0
19,DJVeRemZM842GmvT6WR3PzVkqhqCEUGsDH,122.0,23.0,915400007.0,,1129899440.4412124,214499433.4,145.0,2017-10-14 02:54:00,2021-12-29 05:22:00,2018-01-07 16:36:00,2018-11-14 02:24:00,34,0.6899826690284163,99.0,84.13793103448276,15.862068965517242,68.27586206896552,1537 days 02:28:00.000000000,310 days 09:48:00.000000000,1226 days 16:40:00.000000000,85 days 13:42:00.000000000,1537.0,310.0,85.0,735133.0126488045,691933.6561290323,43199.356519772206,2021-12-29 05:22:00,195 days 11:38:00.000000000,195.0,False,2013-12-06 00:00:00,2017-10-14 02:54:00,1408 days 02:54:00.000000000,1408.0
20,DLCDJhnh6aGotar6b182jpzbNEyXb3C361,241276.0,231977.0,883894947.0,,1887265608.2089238,1004291196.2950103,473253.0,2018-04-22 01:43:00,2022-07-12 13:41:00,2018-04-22 01:46:00,2022-07-12 13:41:00,34,0.6662357330217834,9299.0,50.98245547307677,49.01754452692323,1.9649109461535375,1542 days 11:58:00.000000000,1542 days 11:55:00.000000000,0 days 00:03:00.000000000,0 days 00:03:00.000000000,1542.0,1542.0,0.0,1223907.6577230375,651291.3075843127,572616.3501387248,2022-07-12 13:41:00,0 days 03:19:00.000000000,0.0,False,2013-12-06 00:00:00,2018-04-22 01:43:00,1598 days 01:43:00.000000000,1598.0
21,DTxYRT58AY4rQ5E18PfGzSKaQt6aNjsAxD,2.0,0.0,800000001.0,,800000001.0,0.0,2.0,2022-06-27 19:27:00,2022-06-27 20:01:00,,,34,0.6029999253787593,2.0,100.0,0.0,100.0,0 days 00:34:00.000000000,,,,0.0,,,inf,,,2022-06-27 20:01:00,14 days 20:59:00.000000000,14.0,False,2013-12-06 00:00:00,2022-06-27 19:27:00,3125 days 19:27:00.000000000,3125.0
22,D9FV7Ka27RVzS9NPBx3H57TUVi1hb4QS64,6.0,0.0,753279806.0,,753279806.4896266,0.0,6.0,2022-02-17 22:42:00,2022-03-10 02:55:00,,,34,0.5677845827994271,6.0,100.0,0.0,100.0,20 days 04:13:00.000000000,,,,20.0,,,37663990.32448133,,,2022-03-10 02:55:00,124 days 14:05:00.000000000,124.0,False,2013-12-06 00:00:00,2022-02-17 22:42:00,2995 days 22:42:00.000000000,2995.0
23,D6LKpBFJaf6moGenC39eXEjzAqLzYiTfdz,36.0,9.0,712965174.0,,1162965174.0673892,450000000.0,45.0,2020-12-25 12:40:00,2021-12-29 05:24:00,2021-01-28 22:27:00,2021-01-28 22:27:00,34,0.5373974327278209,27.0,80.0,20.0,60.0,368 days 16:44:00.000000000,0 days 00:00:00.000000000,368 days 16:44:00.000000000,34 days 09:47:00.000000000,368.0,0.0,34.0,3160231.4512700797,inf,-inf,2021-12-29 05:24:00,195 days 11:36:00.000000000,195.0,False,2013-12-06 00:00:00,2020-12-25 12:40:00,2576 days 12:40:00.000000000,2576.0
24,DGogsHSEVxeX5TVDuiJsvwK4af1WSaHgvQ,1.0,0.0,608487914.0,,608487913.9584299,0.0,1.0,2022-06-27 17:51:00,2022-06-27 17:51:00,,,34,0.4586477078465366,1.0,100.0,0.0,100.0,0 days 00:00:00.000000000,,,,0.0,,,inf,,,2022-06-27 17:51:00,14 days 23:09:00.000000000,14.0,False,2013-12-06 00:00:00,2022-06-27 17:51:00,3125 days 17:51:00.000000000,3125.0
25,D6xiMfjQNdcGe9aVXCCUk2PyzWCxfnZww9,1.0,0.0,560144357.0,,560144356.9977355,0.0,1.0,2022-06-25 01:55:00,2022-06-25 01:55:00,,,34,0.4222087563126554,1.0,100.0,0.0,100.0,0 days 00:00:00.000000000,,,,0.0,,,inf,,,2022-06-25 01:55:00,17 days 15:05:00.000000000,17.0,False,2013-12-06 00:00:00,2022-06-25 01:55:00,3123 days 01:55:00.000000000,3123.0
26,D61T1GVeMZM8UHvXKyyD55Ur9efAF2mb5f,8783.0,8141.0,519910032.0,Exchange,3393161001.654619,2873250970.153255,16924.0,2021-02-09 06:47:00,2022-05-23 15:10:00,2021-03-07 01:46:00,2022-04-26 12:24:00,34,0.3918821376347328,642.0,51.89671472465138,48.10328527534862,3.7934294493027654,468 days 08:23:00.000000000,415 days 10:38:00.000000000,52 days 21:45:00.000000000,25 days 18:59:00.000000000,468.0,415.0,25.0,7250344.020629528,6923496.313622301,326847.70700722653,2022-05-23 15:10:00,50 days 01:50:00.000000000,50.0,False,2013-12-06 00:00:00,2021-02-09 06:47:00,2622 days 06:47:00.000000000,2622.0
27,DJtqonMkvsVr8rVr4Pdf5zYfZrnaLSdnwi,2500.0,1015.0,504716187.0,,14370273331.826862,13865557145.189558,3515.0,2018-08-30 14:01:00,2022-05-12 06:19:00,2018-09-07 10:27:00,2021-05-10 16:41:00,34,0.3804297783975277,1485.0,71.12375533428164,28.87624466571835,42.2475106685633,1350 days 16:18:00.000000000,976 days 06:14:00.000000000,374 days 10:04:00.000000000,7 days 20:26:00.000000000,1350.0,976.0,7.0,10644646.912464343,14206513.468431924,-3561866.5559675805,2022-05-12 06:19:00,61 days 10:41:00.000000000,61.0,False,2013-12-06 00:00:00,2018-08-30 14:01:00,1728 days 14:01:00.000000000,1728.0
28,DBpNLLEj13LWr14wm1YH24nuqAjodrjaLL,97.0,26.0,490279746.0,,750279717.1371872,259999971.4,123.0,2014-01-27 12:42:00,2021-12-29 05:25:00,2018-04-09 15:24:00,2021-07-21 00:50:00,34,0.36954831235396096,71.0,78.86178861788618,21.138211382113823,57.72357723577236,2892 days 16:43:00.000000000,1198 days 09:26:00.000000000,1694 days 07:17:00.000000000,1533 days 02:42:00.000000000,2892.0,1198.0,1533.0,259432.8205868559,217028.35676126878,42404.463825587125,2021-12-29 05:25:00,195 days 11:35:00.000000000,195.0,False,2013-12-06 00:00:00,2014-01-27 12:42:00,52 days 12:42:00.000000000,52.0
29,DEAWXsx1Ge925D7gn2wC3scwDXLf2svd7T,102.0,97.0,484239906.0,,2094789629.4031575,1610549723.4224467,199.0,2021-06-22 15:11:00,2022-07-11 19:58:00,2021-10-09 14:58:00,2022-07-11 19:58:00,34,0.36499578352302703,5.0,51.256281407035175,48.743718592964825,2.512562814070352,384 days 04:47:00.000000000,275 days 05:00:00.000000000,108 days 23:47:00.000000000,108 days 23:47:00.000000000,384.0,275.0,108.0,5455181.326570722,5856544.448808897,-401363.122238175,2022-07-11 19:58:00,0 days 21:02:00.000000000,0.0,False,2013-12-06 00:00:00,2021-06-22 15:11:00,2755 days 15:11:00.000000000,2755.0
30,D5BqFPG9Fw4BL5vrnoWxddeH12W3RXMYZh,53.0,14.0,481369668.0,,5.04121222,0.0,67.0,2021-05-10 21:07:00,2022-07-05 15:00:00,2021-05-11 00:38:00,2021-12-06 22:14:00,34,0.36283234190095726,39.0,79.1044776119403,20.8955223880597,58.2089552238806,420 days 17:53:00.000000000,209 days 21:36:00.000000000,210 days 20:17:00.000000000,0 days 03:31:00.000000000,420.0,209.0,0.0,0.012002886238095239,0.0,0.012002886238095239,2022-07-05 15:00:00,7 days 02:00:00.000000000,7.0,False,2013-12-06 00:00:00,2021-05-10 21:07:00,2712 days 21:07:00.000000000,2712.0
31,DPky8skSdy16gn8yYGFbjVcgqQn39SU8am,6.0,5.0,453879285.0,Exchange,453879290.26287764,5.04121222,11.0,2021-12-02 14:05:00,2021-12-29 05:28:00,2022-03-09 08:01:00,2022-03-09 08:01:00,34,0.3421114683048165,1.0,54.54545454545454,45.45454545454545,9.090909090909092,26 days 15:23:00.000000000,0 days 00:00:00.000000000,26 days 15:23:00.000000000,96 days 17:56:00.000000000,26.0,0.0,96.0,17456895.779341448,inf,-inf,2022-03-09 08:01:00,125 days 08:59:00.000000000,125.0,False,2013-12-06 00:00:00,2021-12-02 14:05:00,2918 days 14:05:00.000000000,2918.0
32,DQfmzdceKQTUv7RnnWJ6zxYfCBvxnPn1B8,6.0,0.0,434873911.0,,434873910.66998863,0.0,6.0,2022-05-05 19:13:00,2022-06-20 22:00:00,,,34,0.32778616944297884,6.0,100.0,0.0,100.0,46 days 02:47:00.000000000,,,,46.0,,,9453780.666738883,,,2022-06-20 22:00:00,21 days 19:00:00.000000000,21.0,False,2013-12-06 00:00:00,2022-05-05 19:13:00,3072 days 19:13:00.000000000,3072.0
33,DMJsqFNLTHaDsj4cGfzdYpTJ4SJUxPquYP,159.0,55.0,401000070.0,,111.84034853,0.0,214.0,2019-05-13 01:08:00,2021-12-30 21:05:00,2019-05-13 01:22:00,2021-04-15 15:59:00,34,0.3022537649807794,104.0,74.29906542056075,25.70093457943925,48.598130841121495,962 days 19:57:00.000000000,703 days 14:37:00.000000000,259 days 05:20:00.000000000,0 days 00:14:00.000000000,962.0,703.0,0.0,0.11625815855509355,0.0,0.11625815855509355,2021-12-30 21:05:00,193 days 19:55:00.000000000,193.0,False,2013-12-06 00:00:00,2019-05-13 01:08:00,1984 days 01:08:00.000000000,1984.0
34,DEpFaVzjmQVYh4RWiCDSwnc6XyvQaxuyr8,8.0,0.0,380000007.0,,380000006.7312122,0.0,8.0,2019-05-13 19:45:00,2021-12-31 05:31:00,,,34,0.28642496947312884,8.0,100.0,0.0,100.0,962 days 09:46:00.000000000,,,,962.0,,,395010.4020074971,,,2021-12-31 05:31:00,193 days 11:29:00.000000000,193.0,False,2013-12-06 00:00:00,2019-05-13 19:45:00,1984 days 19:45:00.000000000,1984.0
35,D9QroTckMcABx2MHftswKFENcXngL8scUh,7.0,0.0,326383479.0,,326383478.81121224,0.0,7.0,2021-03-23 16:14:00,2021-12-31 05:31:00,,,34,0.2460115165448104,7.0,100.0,0.0,100.0,282 days 13:17:00.000000000,,,,282.0,,,1157388.2227347952,,,2021-12-31 05:31:00,193 days 11:29:00.000000000,193.0,False,2013-12-06 00:00:00,2021-03-23 16:14:00,2664 days 16:14:00.000000000,2664.0
36,DJfU2p6woQ9GiBdiXsWZWJnJ9uDdZfSSNC,250243.0,249910.0,325032906.0,,16194278722.575428,15876254417.723654,500153.0,2021-11-17 09:09:00,2022-07-12 13:46:00,2021-11-24 04:33:00,2022-07-12 13:46:00,34,0.2449935222733097,333.0,50.033289813317126,49.966710186682874,0.06657962663424992,237 days 04:37:00.000000000,230 days 09:13:00.000000000,6 days 19:24:00.000000000,6 days 19:24:00.000000000,237.0,230.0,6.0,68330289.9686727,69027193.12053762,-696903.151864931,2022-07-12 13:46:00,0 days 03:14:00.000000000,0.0,False,2013-12-06 00:00:00,2021-11-17 09:09:00,2903 days 09:09:00.000000000,2903.0
37,DGf7a1UXruciKiKWvW9cFVoERQtAxg6jga,8.0,0.0,300000007.0,,300000007.0412122,0.0,8.0,2018-02-22 19:38:00,2021-12-31 05:31:00,,,34,0.22612497701062786,8.0,100.0,0.0,100.0,1407 days 09:53:00.000000000,,,,1407.0,,,213219.62120910603,,,2021-12-31 05:31:00,193 days 11:29:00.000000000,193.0,False,2013-12-06 00:00:00,2018-02-22 19:38:00,1539 days 19:38:00.000000000,1539.0
38,DHyyCZW7Amsvwcfhg6seYnvT7uyW4YdyZc,261.0,260.0,292685236.0,,3146333871.714836,2853648635.679628,521.0,2021-07-02 17:30:00,2022-07-06 21:48:00,2021-07-27 20:55:00,2022-07-06 21:48:00,34,0.22061146905856638,1.0,50.09596928982726,49.90403071017274,0.19193857965451055,369 days 04:18:00.000000000,344 days 00:53:00.000000000,25 days 03:25:00.000000000,25 days 03:25:00.000000000,369.0,344.0,25.0,8526650.058847794,8295490.2199989185,231159.83884887584,2022-07-06 21:48:00,5 days 19:12:00.000000000,5.0,False,2013-12-06 00:00:00,2021-07-02 17:30:00,2765 days 17:30:00.000000000,2765.0
39,DQHqNvgsikHvkE8YrCsL6d1pxZ7DR5s2HW,56194.0,26931.0,292414318.0,,562424078.1231276,270009760.18633294,83125.0,2015-11-26 03:57:00,2021-12-31 05:35:00,2015-12-04 05:03:00,2016-09-18 08:54:00,34,0.2204072646415919,29263.0,67.6018045112782,32.398195488721804,35.20360902255639,2227 days 01:38:00.000000000,289 days 03:51:00.000000000,1937 days 21:47:00.000000000,8 days 01:06:00.000000000,2227.0,289.0,8.0,252547.8572622935,934289.8276343701,-681741.9703720766,2021-12-31 05:35:00,193 days 11:25:00.000000000,193.0,False,2013-12-06 00:00:00,2015-11-26 03:57:00,720 days 03:57:00.000000000,720.0
40,D7vrVREYM4H9Vbtoqi6mxsmzsuVjE6PDet,51.0,39.0,289359498.0,,7649037631.74836,7359678134.161363,90.0,2022-03-10 10:39:00,2022-07-03 11:56:00,2022-03-12 06:40:00,2022-07-03 11:56:00,34,0.2181046943544132,12.0,56.666666666666664,43.333333333333336,13.333333333333334,115 days 01:17:00.000000000,113 days 05:16:00.000000000,1 days 20:01:00.000000000,1 days 20:01:00.000000000,115.0,113.0,1.0,66513370.710855305,65129894.99257843,1383475.7182768732,2022-07-03 11:56:00,9 days 05:04:00.000000000,9.0,False,2013-12-06 00:00:00,2022-03-10 10:39:00,3016 days 10:39:00.000000000,3016.0
41,DLH6o3PPPupQY5bKFw8sVDw477zkdzxRKe,145.0,55.0,274851003.0,,761615561.0665468,486764557.7960826,200.0,2021-05-04 12:59:00,2021-12-31 05:39:00,2021-05-04 13:11:00,2021-08-19 13:25:00,34,0.20716891761513528,90.0,72.5,27.500000000000004,45.0,240 days 16:40:00.000000000,107 days 00:14:00.000000000,133 days 16:26:00.000000000,0 days 00:12:00.000000000,240.0,107.0,0.0,3173398.171110612,4549201.474729744,-1375803.303619132,2021-12-31 05:39:00,193 days 11:21:00.000000000,193.0,False,2013-12-06 00:00:00,2021-05-04 12:59:00,2706 days 12:59:00.000000000,2706.0
42,DK1D2fkQmT8T7ToboCh5j2pPdnvq1H1H9e,1.0,0.0,258492753.0,,258492753.43428648,0.0,1.0,2022-07-04 18:29:00,2022-07-04 18:29:00,,,34,0.19483888821888898,1.0,100.0,0.0,100.0,0 days 00:00:00.000000000,,,,0.0,,,inf,,,2022-07-04 18:29:00,7 days 22:31:00.000000000,7.0,False,2013-12-06 00:00:00,2022-07-04 18:29:00,3132 days 18:29:00.000000000,3132.0
43,D79tQ1VkKn9v2BekHShAZSq2m8XtUA8VEP,147.0,136.0,250000006.0,,6780000040.1412115,6530000034.0,283.0,2021-05-18 04:32:00,2022-07-07 09:53:00,2021-05-18 12:30:00,2022-07-08 08:26:00,34,0.18843748096781487,11.0,51.9434628975265,48.0565371024735,3.8869257950530036,415 days 05:21:00.000000000,415 days 19:56:00.000000000,-1 days +09:25:00.000000000,0 days 07:58:00.000000000,415.0,415.0,0.0,16337349.494316172,15734939.840963855,602409.6533523165,2022-07-08 08:26:00,4 days 08:34:00.000000000,4.0,False,2013-12-06 00:00:00,2021-05-18 04:32:00,2720 days 04:32:00.000000000,2720.0
44,DFCT8ZPq6MytZU3HSvbTJevxt4MLq2Xasu,22.0,1.0,227000015.0,,227000024.69829008,10.0,23.0,2021-03-30 05:36:00,2021-12-31 19:27:00,2021-03-30 10:34:00,2021-03-30 10:34:00,34,0.17110123991859502,21.0,95.65217391304348,4.3478260869565215,91.30434782608695,276 days 13:51:00.000000000,0 days 00:00:00.000000000,276 days 13:51:00.000000000,0 days 04:58:00.000000000,276.0,0.0,0.0,822463.8576025002,inf,-inf,2021-12-31 19:27:00,192 days 21:33:00.000000000,192.0,False,2013-12-06 00:00:00,2021-03-30 05:36:00,2671 days 05:36:00.000000000,2671.0
45,D8znPD1n3F7KoV9pTBAzyUuEmKG65GG9ab,9.0,0.0,225020506.0,,225020506.04121223,0.0,9.0,2015-10-21 22:16:00,2021-12-31 19:28:00,,,34,0.16960918519635185,9.0,100.0,0.0,100.0,2262 days 21:12:00.000000000,,,,2262.0,,,99478.56146826358,,,2021-12-31 19:28:00,192 days 21:32:00.000000000,192.0,False,2013-12-06 00:00:00,2015-10-21 22:16:00,684 days 22:16:00.000000000,684.0
46,D8AGXH8zdcNnGbzBtR23UExtbCnTYS1h3n,6.0,0.0,221581598.0,,221581597.6465164,0.0,6.0,2021-05-07 11:57:00,2021-12-31 19:28:00,,,34,0.16701710861536143,6.0,100.0,0.0,100.0,238 days 07:31:00.000000000,,,,238.0,,,931015.1161618336,,,2021-12-31 19:28:00,192 days 21:32:00.000000000,192.0,False,2013-12-06 00:00:00,2021-05-07 11:57:00,2709 days 11:57:00.000000000,2709.0
47,DQFoGSJspF6M2rAHShe7tmMEtTnodFSKHW,6.0,0.0,220003216.0,,220003215.90846583,0.0,6.0,2021-05-06 21:13:00,2021-12-31 19:28:00,,,34,0.16582740333157459,6.0,100.0,0.0,100.0,238 days 22:15:00.000000000,,,,238.0,,,924383.2601196043,,,2021-12-31 19:28:00,192 days 21:32:00.000000000,192.0,False,2013-12-06 00:00:00,2021-05-06 21:13:00,2708 days 21:13:00.000000000,2708.0
48,DHSxXxD1hfXxghtk6ZGboGME5UwSdFRNHk,6.0,5.0,219998876.0,,219998881.06541225,5.04121222,11.0,2022-05-13 14:19:00,2022-06-20 22:02:00,2022-06-20 04:49:00,2022-06-21 00:01:00,34,0.1658241320569835,1.0,54.54545454545454,45.45454545454545,9.090909090909092,38 days 07:43:00.000000000,0 days 19:12:00.000000000,37 days 12:31:00.000000000,37 days 14:30:00.000000000,38.0,0.0,37.0,5789444.238563481,inf,-inf,2022-06-21 00:01:00,21 days 16:59:00.000000000,21.0,False,2013-12-06 00:00:00,2022-05-13 14:19:00,3080 days 14:19:00.000000000,3080.0
49,DAN6kLu7xtRFkUZhPCEiCUNpJjsAZPWCRq,6.0,0.0,218344741.0,,218344741.06714612,0.0,6.0,2021-09-17 10:24:00,2021-12-31 19:35:00,,,34,0.164577327956584,6.0,100.0,0.0,100.0,105 days 09:11:00.000000000,,,,105.0,,,2079473.7244490108,,,2021-12-31 19:35:00,192 days 21:25:00.000000000,192.0,False,2013-12-06 00:00:00,2021-09-17 10:24:00,2842 days 10:24:00.000000000,2842.0
50,DHFu8WjwXzHVy9pknMrxdQpePFir2FmiuG,19264.0,0.0,192988371.0,,193249056.77523345,0.0,19264.0,2021-11-09 19:17:00,2022-07-12 13:30:00,,,34,0.14546496645812917,19264.0,100.0,0.0,100.0,244 days 18:13:00.000000000,,,,244.0,,,792004.3310460388,,,2022-07-12 13:30:00,0 days 03:30:00.000000000,0.0,False,2013-12-06 00:00:00,2021-11-09 19:17:00,2895 days 19:17:00.000000000,2895.0
51,D78RSZmmfSXUAgFivtg5Ld5NMChVeDyWx8,11822.0,9705.0,190160026.0,,7133790991.147999,6942179501.67241,21527.0,2021-05-18 04:30:00,2022-07-12 13:35:00,2021-05-18 12:26:00,2022-07-07 09:53:00,34,0.1433331016808623,2117.0,54.917080875180005,45.082919124819995,9.834161750360012,420 days 09:05:00.000000000,414 days 21:27:00.000000000,5 days 11:38:00.000000000,0 days 07:56:00.000000000,420.0,414.0,0.0,16985216.645590473,16768549.52094785,216667.1246426236,2022-07-12 13:35:00,0 days 03:25:00.000000000,0.0,False,2013-12-06 00:00:00,2021-05-18 04:30:00,2720 days 04:30:00.000000000,2720.0
52,DGJNetovmNoBZiF5YymLfcc4R8LAQeewkz,1.0,0.0,186139953.0,,186139952.87889004,0.0,1.0,2022-07-10 03:52:00,2022-07-10 03:52:00,,,34,0.1403029720358785,1.0,100.0,0.0,100.0,0 days 00:00:00.000000000,,,,0.0,,,inf,,,2022-07-10 03:52:00,2 days 13:08:00.000000000,2.0,False,2013-12-06 00:00:00,2022-07-10 03:52:00,3138 days 03:52:00.000000000,3138.0
53,DLZxgWfMASwbqtRFtLy6rVEAjTzMcSguJe,240.0,223.0,185390129.0,Exchange,1527714849.0927622,1342324720.4811044,463.0,2017-04-29 07:43:00,2021-12-31 19:35:00,2017-04-29 07:46:00,2018-03-18 15:21:00,34,0.13973779226652597,17.0,51.83585313174947,48.16414686825054,3.6717062634989204,1707 days 11:52:00.000000000,323 days 07:35:00.000000000,1384 days 04:17:00.000000000,0 days 00:03:00.000000000,1707.0,323.0,0.0,894970.6204409855,4155804.088176794,-3260833.4677358083,2021-12-31 19:35:00,192 days 21:25:00.000000000,192.0,False,2013-12-06 00:00:00,2017-04-29 07:43:00,1240 days 07:43:00.000000000,1240.0
54,DL6eP9yfnmJTVewgw63V1ueDErBjYCnE3P,34.0,16.0,182647850.0,,480999962.15696484,298352112.51713324,50.0,2018-11-27 03:34:00,2021-12-31 05:31:00,2019-09-04 03:55:00,2022-06-01 01:13:00,34,0.13767079972865004,18.0,68.0,32.0,36.0,1130 days 01:57:00.000000000,1000 days 21:18:00.000000000,129 days 04:39:00.000000000,281 days 00:21:00.000000000,1130.0,1000.0,281.0,425663.68332474766,298352.11251713324,127311.57080761442,2022-06-01 01:13:00,41 days 15:47:00.000000000,41.0,False,2013-12-06 00:00:00,2018-11-27 03:34:00,1817 days 03:34:00.000000000,1817.0
55,DPtCFXLTkqSzUTHCt3JEkbh8LHCxN22EUz,13545.0,13079.0,180959543.0,,2854927240.108252,2673990963.146407,26624.0,2022-01-04 15:36:00,2022-07-12 13:37:00,2022-01-05 11:08:00,2022-07-12 13:37:00,34,0.13639823848647017,466.0,50.87515024038461,49.12484975961539,1.7503004807692308,188 days 22:01:00.000000000,188 days 02:29:00.000000000,0 days 19:32:00.000000000,0 days 19:32:00.000000000,188.0,188.0,0.0,15185783.19206517,14223356.186948974,962427.0051161963,2022-07-12 13:37:00,0 days 03:23:00.000000000,0.0,False,2013-12-06 00:00:00,2022-01-04 15:36:00,2951 days 15:36:00.000000000,2951.0
56,DSS3QiBvezK8rZSS7GzDf9qyWHEdr8t2b8,9.0,0.0,180780767.0,,180780766.58620268,0.0,9.0,2022-04-14 16:34:00,2022-06-20 22:02:00,,,34,0.13626348609331423,9.0,100.0,0.0,100.0,67 days 05:28:00.000000000,,,,67.0,,,2698220.3968089954,,,2022-06-20 22:02:00,21 days 18:58:00.000000000,21.0,False,2013-12-06 00:00:00,2022-04-14 16:34:00,3051 days 16:34:00.000000000,3051.0
57,DD1h9ojoyAdAGLXaqgqZP3j86AtxZs6jCn,371.0,361.0,176644459.0,,15538873922.702541,15362229463.231531,732.0,2019-07-16 14:49:00,2021-12-31 19:35:00,2019-07-16 15:54:00,2021-01-30 09:07:00,34,0.13314574432803197,10.0,50.68306010928961,49.31693989071038,1.366120218579235,899 days 04:46:00.000000000,563 days 17:13:00.000000000,335 days 11:33:00.000000000,0 days 01:05:00.000000000,899.0,563.0,0.0,17284620.603673574,27286375.600766484,-10001754.99709291,2021-12-31 19:35:00,192 days 21:25:00.000000000,192.0,False,2013-12-06 00:00:00,2019-07-16 14:49:00,2048 days 14:49:00.000000000,2048.0
58,DEXZ68xXMW8VX2UGP9kbDgyduEZwacGmMc,1262.0,947.0,175676873.0,,1240452759.3157792,1064775886.7957793,2209.0,2021-05-04 18:47:00,2022-07-09 21:22:00,2021-05-05 01:45:00,2022-07-01 19:19:00,34,0.13241642647169669,315.0,57.12992304210049,42.8700769578995,14.259846084200998,431 days 02:35:00.000000000,422 days 17:34:00.000000000,8 days 09:01:00.000000000,0 days 06:58:00.000000000,431.0,422.0,0.0,2878080.6480644527,2523165.608520804,354915.0395436487,2022-07-09 21:22:00,2 days 19:38:00.000000000,2.0,False,2013-12-06 00:00:00,2021-05-04 18:47:00,2706 days 18:47:00.000000000,2706.0
59,DFfEX64RwVysrk65F47GoSiuc38hLvxnjX,20.0,6.0,169862347.0,,641788971.2594651,471926624.6874328,26.0,2021-01-05 11:32:00,2022-03-02 17:51:00,2021-01-05 11:35:00,2022-06-08 23:43:00,34,0.128033728047034,14.0,76.92307692307693,23.076923076923077,53.84615384615385,421 days 06:19:00.000000000,519 days 12:08:00.000000000,-99 days +18:11:00.000000000,0 days 00:03:00.000000000,421.0,519.0,0.0,1524439.3616614372,909299.8548890806,615139.5067723566,2022-06-08 23:43:00,33 days 17:17:00.000000000,33.0,False,2013-12-06 00:00:00,2021-01-05 11:32:00,2587 days 11:32:00.000000000,2587.0
60,DCLHWoDUWkfM6ejSBPnV64wBgcDnn8twEp,1.0,0.0,164999999.0,,164999999.0,0.0,1.0,2022-07-08 08:26:00,2022-07-08 08:26:00,,,34,0.12436873370015829,1.0,100.0,0.0,100.0,0 days 00:00:00.000000000,,,,0.0,,,inf,,,2022-07-08 08:26:00,4 days 08:34:00.000000000,4.0,False,2013-12-06 00:00:00,2022-07-08 08:26:00,3136 days 08:26:00.000000000,3136.0
61,DR2SpAVZPwJDVxJgTkJvGej3HC5aLBhQBM,135.0,119.0,163708101.0,Exchange,960820917.0970645,797112815.873881,254.0,2017-03-26 11:47:00,2022-01-01 20:20:00,2017-03-26 18:59:00,2018-03-18 16:49:00,34,0.12339496570437929,16.0,53.14960629921261,46.8503937007874,6.299212598425196,1742 days 08:33:00.000000000,356 days 21:50:00.000000000,1385 days 10:43:00.000000000,0 days 07:12:00.000000000,1742.0,356.0,0.0,551561.9501131254,2239080.943465958,-1687518.9933528325,2022-01-01 20:20:00,191 days 20:40:00.000000000,191.0,False,2013-12-06 00:00:00,2017-03-26 11:47:00,1206 days 11:47:00.000000000,1206.0
62,DEnzooCbsBkUjqKJJh7SvWfSwKxBhbqyGi,8.0,0.0,162867655.0,,5.04121222,0.0,8.0,2022-02-10 16:32:00,2022-06-20 22:02:00,,,34,0.12276147961106504,8.0,100.0,0.0,100.0,130 days 05:30:00.000000000,,,,130.0,,,0.03877855553846154,,,2022-06-20 22:02:00,21 days 18:58:00.000000000,21.0,False,2013-12-06 00:00:00,2022-02-10 16:32:00,2988 days 16:32:00.000000000,2988.0
63,DLPaeuaJi2JLUcvYHD4ddLxadwnGaVSt4p,259988.0,259377.0,162346418.0,,21571123469.637764,21408980233.37517,519365.0,2021-02-11 07:27:00,2022-07-12 13:46:00,2021-02-11 07:51:00,2022-07-12 13:46:00,34,0.12236859727142535,611.0,50.05882183050456,49.941178169495444,0.11764366100911691,516 days 06:19:00.000000000,516 days 05:55:00.000000000,0 days 00:24:00.000000000,0 days 00:24:00.000000000,516.0,516.0,0.0,41804502.8481352,41490271.77010692,314231.078028284,2022-07-12 13:46:00,0 days 03:14:00.000000000,0.0,False,2013-12-06 00:00:00,2021-02-11 07:27:00,2624 days 07:27:00.000000000,2624.0
64,DLDPcmz1omzix37UPwXCfZvLjAEcJ2yLHb,6.0,5.0,161226551.0,,161226556.51379177,5.04121222,11.0,2022-05-13 14:19:00,2022-06-20 22:02:00,2022-06-20 03:04:00,2022-06-20 22:30:00,34,0.12152449762568779,1.0,54.54545454545454,45.45454545454545,9.090909090909092,38 days 07:43:00.000000000,0 days 19:26:00.000000000,37 days 12:17:00.000000000,37 days 12:45:00.000000000,38.0,0.0,37.0,4242804.118783994,inf,-inf,2022-06-20 22:30:00,21 days 18:30:00.000000000,21.0,False,2013-12-06 00:00:00,2022-05-13 14:19:00,3080 days 14:19:00.000000000,3080.0
65,DF1R6bUwDcYsaqZr6bKsrmtVSnwGpQeyLn,1532.0,1478.0,161089350.0,,,,3010.0,2019-10-17 22:47:00,2022-07-12 13:06:00,2019-10-18 01:31:00,2022-07-06 09:24:00,34,0.1214210823848647,54.0,50.897009966777404,49.102990033222596,1.7940199335548173,998 days 14:19:00.000000000,992 days 07:53:00.000000000,6 days 06:26:00.000000000,0 days 02:44:00.000000000,998.0,992.0,0.0,,,,2022-07-12 13:06:00,0 days 03:54:00.000000000,0.0,False,2013-12-06 00:00:00,2019-10-17 22:47:00,2141 days 22:47:00.000000000,2141.0
66,DE1ekWYKnnTRn9vctx4UDgPZczW5RdAb3S,979.0,531.0,159687723.0,,1015664992.5561199,855977270.0021182,1510.0,2019-12-19 13:09:00,2022-06-07 05:38:00,2020-01-03 14:04:00,2022-05-28 07:53:00,34,0.12036460616567422,448.0,64.8344370860927,35.16556291390728,29.668874172185433,900 days 16:29:00.000000000,875 days 17:49:00.000000000,24 days 22:40:00.000000000,15 days 00:55:00.000000000,900.0,875.0,15.0,1128516.6583956887,978259.737145278,150256.92125041073,2022-06-07 05:38:00,35 days 11:22:00.000000000,35.0,False,2013-12-06 00:00:00,2019-12-19 13:09:00,2204 days 13:09:00.000000000,2204.0
67,DSVE8hQgj8XmkH5ixLJ23utaUHzRZY6MRF,23.0,0.0,150000007.0,,150000007.19121298,0.0,23.0,2014-02-04 07:14:00,2022-01-01 20:20:00,,,34,0.11306249114343861,23.0,100.0,0.0,100.0,2888 days 13:06:00.000000000,,,,2888.0,,,51939.06066177735,,,2022-01-01 20:20:00,191 days 20:40:00.000000000,191.0,False,2013-12-06 00:00:00,2014-02-04 07:14:00,60 days 07:14:00.000000000,60.0
68,DEHiiX3YuFKzRFbXQLgJ6wtqgmAUN8EZaG,6.0,0.0,149924195.0,,149924195.300769,0.0,6.0,2022-03-28 18:09:00,2022-04-01 22:37:00,,,34,0.11300534785558151,6.0,100.0,0.0,100.0,4 days 04:28:00.000000000,,,,4.0,,,37481048.82519225,,,2022-04-01 22:37:00,101 days 18:23:00.000000000,101.0,False,2013-12-06 00:00:00,2022-03-28 18:09:00,3034 days 18:09:00.000000000,3034.0
69,DQ5xwLot4js7ehQ9L65iq5jxWz4DxNvhQ9,20.0,5.0,146402402.0,,309770979.8200832,163368577.79845,25.0,2019-03-17 06:13:00,2022-01-01 20:20:00,2019-03-17 06:18:00,2021-01-30 03:27:00,34,0.1103507967136504,15.0,80.0,20.0,60.0,1021 days 14:07:00.000000000,684 days 21:09:00.000000000,336 days 16:58:00.000000000,0 days 00:05:00.000000000,1021.0,684.0,0.0,303399.58846237336,238842.9499977339,64556.63846463946,2022-01-01 20:20:00,191 days 20:40:00.000000000,191.0,False,2013-12-06 00:00:00,2019-03-17 06:13:00,1927 days 06:13:00.000000000,1927.0
70,DEN9enVfqSNXRz5guvEzpvQeKEx82XbJyu,14.0,0.0,143096272.0,,143096272.44121218,0.0,14.0,2018-07-07 06:01:00,2022-01-01 20:20:00,,,34,0.10785880153764982,14.0,100.0,0.0,100.0,1274 days 14:19:00.000000000,,,,1274.0,,,112320.46502449935,,,2022-01-01 20:20:00,191 days 20:40:00.000000000,191.0,False,2013-12-06 00:00:00,2018-07-07 06:01:00,1674 days 06:01:00.000000000,1674.0
71,DRVd3RRmcUh7w8ra2HDkvNiBpYy4u4yKs1,1130.0,823.0,131942336.0,,463920470.4837122,331978134.1437122,1953.0,2021-05-06 09:30:00,2022-06-10 12:53:00,2021-05-09 01:16:00,2022-07-01 19:19:00,34,0.09945152332855958,307.0,57.85970302099335,42.140296979006656,15.719406041986685,400 days 03:23:00.000000000,418 days 18:03:00.000000000,-19 days +09:20:00.000000000,2 days 15:46:00.000000000,400.0,418.0,2.0,1159801.1762092805,794206.0625447661,365595.1136645144,2022-07-01 19:19:00,10 days 21:41:00.000000000,10.0,False,2013-12-06 00:00:00,2021-05-06 09:30:00,2708 days 09:30:00.000000000,2708.0
72,DMoonzxadHZJmgP6cCRvFZvec8wJb67j38,26.0,4.0,130000026.0,,166000026.04121223,36000000.0,30.0,2014-07-04 11:30:00,2022-01-01 20:25:00,2020-01-12 00:47:00,2020-08-18 22:11:00,34,0.09798750734906157,22.0,86.66666666666667,13.333333333333334,73.33333333333333,2738 days 08:55:00.000000000,219 days 21:24:00.000000000,2518 days 11:31:00.000000000,2017 days 13:17:00.000000000,2738.0,219.0,2017.0,60628.20527436531,164383.56164383562,-103755.3563694703,2022-01-01 20:25:00,191 days 20:35:00.000000000,191.0,False,2013-12-06 00:00:00,2014-07-04 11:30:00,210 days 11:30:00.000000000,210.0
73,DHKM6NDUUv9kaHAGi1QU7MRBNKfQiAdP3F,549.0,0.0,121621885.0,,121621884.70478664,0.0,549.0,2014-05-12 06:57:00,2022-06-23 00:00:00,,,34,0.09167248435968946,549.0,100.0,0.0,100.0,2963 days 17:03:00.000000000,,,,2963.0,,,41046.87300195297,,,2022-06-23 00:00:00,19 days 17:00:00.000000000,19.0,False,2013-12-06 00:00:00,2014-05-12 06:57:00,157 days 06:57:00.000000000,157.0
74,D7J8gJgs79VsFYkL37c1vA3vdUNhvKVLdG,111.0,91.0,120630125.0,,195804198.95603448,75174073.60896745,202.0,2021-12-07 11:09:00,2022-07-11 12:22:00,2021-12-15 14:28:00,2022-07-11 11:14:00,34,0.09092494535313182,20.0,54.95049504950495,45.04950495049505,9.900990099009901,216 days 01:13:00.000000000,207 days 20:46:00.000000000,8 days 04:27:00.000000000,8 days 03:19:00.000000000,216.0,207.0,8.0,906500.9210927523,363159.77588873164,543341.1452040207,2022-07-11 12:22:00,1 days 04:38:00.000000000,1.0,False,2013-12-06 00:00:00,2021-12-07 11:09:00,2923 days 11:09:00.000000000,2923.0
75,DFGBxpZncATmjHgKgt527yAPJxAWP6LFWC,49.0,0.0,120379269.0,,120379268.75993891,0.0,49.0,2021-06-04 00:29:00,2022-01-24 19:20:00,,,34,0.09073586266676717,49.0,100.0,0.0,100.0,234 days 18:51:00.000000000,,,,234.0,,,514441.3194869184,,,2022-01-24 19:20:00,168 days 21:40:00.000000000,168.0,False,2013-12-06 00:00:00,2021-06-04 00:29:00,2737 days 00:29:00.000000000,2737.0
76,DCTpBbA5HUgcf39219AWtZuf76pNxM1m4e,49.0,0.0,120203362.0,,120203362.12154524,0.0,49.0,2021-06-03 18:32:00,2022-01-24 18:24:00,,,34,0.0906032727820909,49.0,100.0,0.0,100.0,234 days 23:52:00.000000000,,,,234.0,,,513689.5817160053,,,2022-01-24 18:24:00,168 days 22:36:00.000000000,168.0,False,2013-12-06 00:00:00,2021-06-03 18:32:00,2736 days 18:32:00.000000000,2736.0
77,D5yVYrobXFZLCPdCYVf9ndJ1aUvjhsyazg,59.0,0.0,120203362.0,,120203362.12154524,0.0,59.0,2021-06-03 16:30:00,2022-01-24 18:24:00,,,34,0.0906032727820909,59.0,100.0,0.0,100.0,235 days 01:54:00.000000000,,,,235.0,,,511503.6686023202,,,2022-01-24 18:24:00,168 days 22:36:00.000000000,168.0,False,2013-12-06 00:00:00,2021-06-03 16:30:00,2736 days 16:30:00.000000000,2736.0
78,DCjbrhWwy92ZXHM598F5WtUsPB2z1iyphf,50.0,0.0,120203362.0,,120203362.12154524,0.0,50.0,2021-06-03 16:12:00,2022-01-24 18:06:00,,,34,0.0906032727820909,50.0,100.0,0.0,100.0,235 days 01:54:00.000000000,,,,235.0,,,511503.6686023202,,,2022-01-24 18:06:00,168 days 22:54:00.000000000,168.0,False,2013-12-06 00:00:00,2021-06-03 16:12:00,2736 days 16:12:00.000000000,2736.0
79,D5H4oSgxgSv8w8m8Eo3xxKMAHsbyzY8HjJ,51.0,0.0,120203362.0,,120203362.12154524,0.0,51.0,2021-06-03 15:41:00,2022-01-24 18:06:00,,,34,0.0906032727820909,51.0,100.0,0.0,100.0,235 days 02:25:00.000000000,,,,235.0,,,511503.6686023202,,,2022-01-24 18:06:00,168 days 22:54:00.000000000,168.0,False,2013-12-06 00:00:00,2021-06-03 15:41:00,2736 days 15:41:00.000000000,2736.0
80,DDpf4hhQ9KVDTRweFBAixuo6sjnnqjhofi,50.0,0.0,120203362.0,,120203362.12154524,0.0,50.0,2021-06-03 15:18:00,2022-01-24 18:07:00,,,34,0.0906032727820909,50.0,100.0,0.0,100.0,235 days 02:49:00.000000000,,,,235.0,,,511503.6686023202,,,2022-01-24 18:07:00,168 days 22:53:00.000000000,168.0,False,2013-12-06 00:00:00,2021-06-03 15:18:00,2736 days 15:18:00.000000000,2736.0
81,DEBKccoUBDUuqqwQiqHKbSGLfrrzADpgR1,50.0,0.0,120203362.0,,120203362.12154524,0.0,50.0,2021-06-03 14:24:00,2022-01-24 18:06:00,,,34,0.0906032727820909,50.0,100.0,0.0,100.0,235 days 03:42:00.000000000,,,,235.0,,,511503.6686023202,,,2022-01-24 18:06:00,168 days 22:54:00.000000000,168.0,False,2013-12-06 00:00:00,2021-06-03 14:24:00,2736 days 14:24:00.000000000,2736.0
82,DPPgfELC94eZuWBfXAQtMJTabpVuF33sY5,8.0,0.0,120000008.0,,120000008.04121222,0.0,8.0,2017-11-07 10:13:00,2022-01-01 20:25:00,,,34,0.09044999472375065,8.0,100.0,0.0,100.0,1516 days 10:12:00.000000000,,,,1516.0,,,79155.67812744869,,,2022-01-01 20:25:00,191 days 20:35:00.000000000,191.0,False,2013-12-06 00:00:00,2017-11-07 10:13:00,1432 days 10:13:00.000000000,1432.0
83,DN5Hp2kCkvCsdwr5SPmwHpiJgjKnC5wcT7,110.0,86.0,119812244.0,,1037933470.0412123,918121226.0412123,196.0,2021-05-21 11:05:00,2022-05-29 10:42:00,2021-05-21 11:08:00,2022-07-07 10:34:00,34,0.09030846762644154,24.0,56.12244897959183,43.87755102040816,12.244897959183673,372 days 23:37:00.000000000,411 days 23:26:00.000000000,-39 days +00:11:00.000000000,0 days 00:03:00.000000000,372.0,411.0,0.0,2790143.7366699255,2233871.596207329,556272.1404625964,2022-07-07 10:34:00,5 days 06:26:00.000000000,5.0,False,2013-12-06 00:00:00,2021-05-21 11:05:00,2723 days 11:05:00.000000000,2723.0
84,DFBx6m9YHYFHgrmYXmTh1YQTaZv7Z3Zd8x,57.0,0.0,119678813.0,,119678813.24000926,0.0,57.0,2021-06-03 18:32:00,2022-01-24 18:24:00,,,34,0.09020789402276325,57.0,100.0,0.0,100.0,234 days 23:52:00.000000000,,,,234.0,,,511447.91982909944,,,2022-01-24 18:24:00,168 days 22:36:00.000000000,168.0,False,2013-12-06 00:00:00,2021-06-03 18:32:00,2736 days 18:32:00.000000000,2736.0
85,D74RXL1RfBMzn2PcAjhCcyWtHJpmHgQtFm,847.0,1.0,118452681.0,,119152681.04121222,700000.0,848.0,2021-12-10 07:43:00,2022-07-12 02:04:00,2022-02-07 11:43:00,2022-02-07 11:43:00,34,0.08928369714328786,846.0,99.88207547169812,0.1179245283018868,99.76415094339622,213 days 18:21:00.000000000,0 days 00:00:00.000000000,213 days 18:21:00.000000000,59 days 04:00:00.000000000,213.0,0.0,59.0,559402.258409447,inf,-inf,2022-07-12 02:04:00,0 days 14:56:00.000000000,0.0,False,2013-12-06 00:00:00,2021-12-10 07:43:00,2926 days 07:43:00.000000000,2926.0
86,DMoonjyH1aHLZc1kksmikBUhjXromn1ZN4,35.0,11.0,116001032.0,,172001029.44121218,55999997.0,46.0,2014-02-21 23:15:00,2022-01-01 20:25:00,2014-03-04 13:02:00,2014-03-10 17:41:00,34,0.08743576694052914,24.0,76.08695652173914,23.91304347826087,52.17391304347826,2870 days 21:10:00.000000000,6 days 04:39:00.000000000,2864 days 16:31:00.000000000,10 days 13:47:00.000000000,2870.0,6.0,10.0,59930.67227916801,9333332.833333334,-9273402.161054166,2022-01-01 20:25:00,191 days 20:35:00.000000000,191.0,False,2013-12-06 00:00:00,2014-02-21 23:15:00,77 days 23:15:00.000000000,77.0
87,DPZRf5bQmLYuhZmKsz6BqKFrNcVhuzf95j,1350.0,1042.0,109026480.0,,523888895.7566336,414862415.7576337,2392.0,2021-01-29 18:51:00,2022-07-12 08:06:00,2021-02-05 09:20:00,2022-07-01 18:36:00,34,0.08217869902766263,308.0,56.438127090301,43.561872909699,12.876254180602006,528 days 13:15:00.000000000,511 days 09:16:00.000000000,17 days 03:59:00.000000000,6 days 14:29:00.000000000,528.0,511.0,6.0,992213.8177208969,811863.8273143517,180349.99040654523,2022-07-12 08:06:00,0 days 08:54:00.000000000,0.0,False,2013-12-06 00:00:00,2021-01-29 18:51:00,2611 days 18:51:00.000000000,2611.0
88,DTVQd2jrTzhq2Qth2vpKubzUeHGpRSCBjv,52.0,0.0,108295534.0,,108295534.34384628,0.0,52.0,2021-06-04 02:53:00,2022-03-24 11:54:00,,,34,0.08162774854903143,52.0,100.0,0.0,100.0,293 days 09:01:00.000000000,,,,293.0,,,369609.33223155723,,,2022-03-24 11:54:00,110 days 05:06:00.000000000,110.0,False,2013-12-06 00:00:00,2021-06-04 02:53:00,2737 days 02:53:00.000000000,2737.0
89,DFUBkwzf1zEhDghSUyjniNs6jA29CY82eJ,123.0,120.0,108267816.0,,785447948.8439286,677180132.8439286,243.0,2021-01-13 02:45:00,2022-06-24 10:02:00,2021-01-13 16:26:00,2022-06-19 08:42:00,34,0.08160685610914299,3.0,50.617283950617285,49.382716049382715,1.2345679012345678,527 days 07:17:00.000000000,521 days 16:16:00.000000000,5 days 15:01:00.000000000,0 days 13:41:00.000000000,527.0,521.0,0.0,1490413.565168745,1299769.9286831643,190643.6364855806,2022-06-24 10:02:00,18 days 06:58:00.000000000,18.0,False,2013-12-06 00:00:00,2021-01-13 02:45:00,2595 days 02:45:00.000000000,2595.0
90,DQ8KqJ4nQg4g2Qof2BsMj6HVau5N1iXLKX,48.0,0.0,107440221.0,,107440220.65666632,0.0,48.0,2021-06-04 06:18:00,2022-03-24 15:10:00,,,34,0.08098305645586794,48.0,100.0,0.0,100.0,293 days 08:52:00.000000000,,,,293.0,,,366690.17288964614,,,2022-03-24 15:10:00,110 days 01:50:00.000000000,110.0,False,2013-12-06 00:00:00,2021-06-04 06:18:00,2737 days 06:18:00.000000000,2737.0
91,DTJgZkCy5dzMUdj211VtSsoJkXUJPzNdDG,52.0,0.0,106328381.0,,106328380.56105874,0.0,52.0,2021-06-04 14:40:00,2022-03-25 13:44:00,,,34,0.0801450071606241,52.0,100.0,0.0,100.0,293 days 23:04:00.000000000,,,,293.0,,,362895.49679542234,,,2022-03-25 13:44:00,109 days 03:16:00.000000000,109.0,False,2013-12-06 00:00:00,2021-06-04 14:40:00,2737 days 14:40:00.000000000,2737.0
92,DN4VDmvdusJtL66evr1oXgmvHi37cCJDWh,47.0,0.0,105252554.0,,105252554.46926408,0.0,47.0,2021-06-04 17:02:00,2022-04-25 21:14:00,,,34,0.07933410266073718,47.0,100.0,0.0,100.0,325 days 04:12:00.000000000,,,,325.0,,,323854.0137515818,,,2022-04-25 21:14:00,77 days 19:46:00.000000000,77.0,False,2013-12-06 00:00:00,2021-06-04 17:02:00,2737 days 17:02:00.000000000,2737.0
93,DFHMxqTjbtKKfJ2uAhNMFrw1SkeWhS3meS,206.0,101.0,104719244.0,,1855475072.2361612,1750755827.8442805,307.0,2019-11-29 18:06:00,2022-06-02 08:55:00,2020-04-03 12:08:00,2022-04-13 08:56:00,34,0.07893212029848495,105.0,67.10097719869707,32.89902280130293,34.20195439739413,915 days 14:49:00.000000000,739 days 20:48:00.000000000,175 days 18:01:00.000000000,125 days 18:02:00.000000000,915.0,739.0,125.0,2027841.609001269,2369087.723740569,-341246.11473929975,2022-06-02 08:55:00,40 days 08:05:00.000000000,40.0,False,2013-12-06 00:00:00,2019-11-29 18:06:00,2184 days 18:06:00.000000000,2184.0
94,D5LLkAy7aLfr4Fx8D3EuidfrziqqkjTxNq,38652.0,38629.0,104151596.0,,92233720368.54776,92132152994.6278,77281.0,2021-05-13 06:48:00,2022-07-12 11:57:00,2021-05-13 07:04:00,2022-07-12 11:57:00,34,0.07850425567196805,23.0,50.01488075982453,49.985119240175464,0.02976151964907286,425 days 05:09:00.000000000,425 days 04:53:00.000000000,0 days 00:16:00.000000000,0 days 00:16:00.000000000,425.0,425.0,0.0,217020518.51423,216781536.4579478,238982.05628222227,2022-07-12 11:57:00,0 days 05:03:00.000000000,0.0,False,2013-12-06 00:00:00,2021-05-13 06:48:00,2715 days 06:48:00.000000000,2715.0
95,DG4pSs8UzxN1cMnfmMbfJzqtPzubPEojZH,43.0,0.0,104141737.0,,104141736.75908779,0.0,43.0,2021-08-17 20:53:00,2022-04-25 21:36:00,,,34,0.07849682445164693,43.0,100.0,0.0,100.0,251 days 00:43:00.000000000,,,,251.0,,,414907.31776529,,,2022-04-25 21:36:00,77 days 19:24:00.000000000,77.0,False,2013-12-06 00:00:00,2021-08-17 20:53:00,2811 days 20:53:00.000000000,2811.0
96,DN6KNHT6BvuKNke3S9yP1M3h6TCgKCXj3m,49.0,0.0,104141737.0,,104141736.75908779,0.0,49.0,2021-08-16 05:30:00,2022-04-25 21:36:00,,,34,0.07849682445164693,49.0,100.0,0.0,100.0,252 days 16:06:00.000000000,,,,252.0,,,413260.86015511025,,,2022-04-25 21:36:00,77 days 19:24:00.000000000,77.0,False,2013-12-06 00:00:00,2021-08-16 05:30:00,2810 days 05:30:00.000000000,2810.0
97,D7fXyKdKEDhf7iDT3sSdr7Dm6W1hy4QLW3,40.0,0.0,104141737.0,,104141736.75908779,0.0,40.0,2021-08-16 00:43:00,2022-04-25 21:36:00,,,34,0.07849682445164693,40.0,100.0,0.0,100.0,252 days 20:53:00.000000000,,,,252.0,,,413260.86015511025,,,2022-04-25 21:36:00,77 days 19:24:00.000000000,77.0,False,2013-12-06 00:00:00,2021-08-16 00:43:00,2810 days 00:43:00.000000000,2810.0
98,D8hi4d1sGLz4UckRxPybJ1A61ifs8RsF1j,44.0,0.0,104141737.0,,104141736.75908779,0.0,44.0,2021-08-15 18:29:00,2022-04-25 21:36:00,,,34,0.07849682445164693,44.0,100.0,0.0,100.0,253 days 03:07:00.000000000,,,,253.0,,,411627.4180201098,,,2022-04-25 21:36:00,77 days 19:24:00.000000000,77.0,False,2013-12-06 00:00:00,2021-08-15 18:29:00,2809 days 18:29:00.000000000,2809.0
99,DHg7AcJLmRJUeiJcsSJdpoaGRm6DsittZR,42.0,0.0,104141737.0,,104141736.75908779,0.0,42.0,2021-08-13 01:47:00,2022-04-25 21:36:00,,,34,0.07849682445164693,42.0,100.0,0.0,100.0,255 days 19:49:00.000000000,,,,255.0,,,408398.9676826972,,,2022-04-25 21:36:00,77 days 19:24:00.000000000,77.0,False,2013-12-06 00:00:00,2021-08-13 01:47:00,2807 days 01:47:00.000000000,2807.0
100,DEBmRVBhnvh36axYboCnT8C7fac5hJf5XE,41.0,0.0,104141737.0,,104141736.75908779,0.0,41.0,2021-08-11 21:03:00,2022-04-25 21:26:00,,,34,0.07849682445164693,41.0,100.0,0.0,100.0,257 days 00:23:00.000000000,,,,257.0,,,405220.76559956337,,,2022-04-25 21:26:00,77 days 19:34:00.000000000,77.0,False,2013-12-06 00:00:00,2021-08-11 21:03:00,2805 days 21:03:00.000000000,2805.0
