,Address,Total,Balance,Label,Outs,Ins,In_amount,Out_amount,First_in,Last_in,First_out,Last_out,Address_length,Percentage,Diff,Percentage_ins,Percentage_outs,Percentage_diff,Interval_in,Interval_out,Interval_diff,Interval_first,Interval_in_days,Interval_out_days,Interval_first_days,Avg_acc_in,Avg_acc_out,Diff_avg_acc,Last_transaction,Interval_from_last_tx,Interval_from_last_tx_days,Last_future,genesis,First in,genesis_to_first_in,genesis_to_first_in_days
0,0x00000000219ab540356cbb839cbe05303d7705fa,20603,13022805.000069,,0,20603,13022981.000069,0.0,2020-11-20 15:03:00,2022-07-12 15:03:00,,,42,10.716872657377365,20603,100.0,0.0,100.0,599 days 00:00:00.000000000,,,,599.0,,,21741.20367290317,,,2022-07-12 15:03:00,0 days 01:57:00.000000000,0.0,False,2015-07-30 00:00:00,2020-11-20 15:03:00,1940 days 15:03:00.000000000,1940.0
2,0xda9dfa130df4de4673b89022ee50ff26f6ea73cf,68,2113030.00445455,Exchange,1,67,2113030.0544545576,0.044865499999999996,2021-03-23 00:55:00,2022-07-12 11:44:00,2021-03-31 21:17:00,2021-03-31 21:17:00,42,1.7388783352616393,66,98.52941176470588,1.4705882352941175,97.05882352941177,476 days 10:49:00.000000000,0 days 00:00:00.000000000,476 days 10:49:00.000000000,8 days 20:22:00.000000000,476.0,0.0,8.0,4439.138769862516,inf,-inf,2022-07-12 11:44:00,0 days 05:16:00.000000000,0.0,False,2015-07-30 00:00:00,2021-03-23 00:55:00,2063 days 00:55:00.000000000,2063.0
3,0xbe0eb53f46cd790cd13851d5eff43d12404d33e8,1093,1996008.27987735,Exchange,962,131,6752538.403171878,4756526.331855607,2018-09-28 03:38:00,2022-05-21 21:16:00,2018-10-21 12:19:00,2022-05-30 03:20:00,42,1.6425775060290821,-831,11.985361390667887,88.01463860933212,-76.02927721866422,1331 days 17:38:00.000000000,1316 days 15:01:00.000000000,15 days 02:37:00.000000000,23 days 08:41:00.000000000,1331.0,1316.0,23.0,5073.282045959338,3614.3817111364797,1458.900334822858,2022-05-30 03:20:00,43 days 13:40:00.000000000,43.0,False,2015-07-30 00:00:00,2018-09-28 03:38:00,1156 days 03:38:00.000000000,1156.0
4,0x73bceb1cd57c711feac4224d062b0f6ff338501e,513,1944286.01128049,,104,409,2631147.539967664,686860.77220417,2019-02-06 02:04:00,2022-07-06 06:35:00,2019-02-10 21:23:00,2022-06-24 21:36:00,42,1.6000136370238809,305,79.72709551656921,20.2729044834308,59.4541910331384,1246 days 04:31:00.000000000,1230 days 00:13:00.000000000,16 days 04:18:00.000000000,4 days 19:19:00.000000000,1246.0,1230.0,4.0,2111.675393232475,558.4233920359105,1553.2520011965644,2022-07-06 06:35:00,6 days 10:25:00.000000000,6.0,False,2015-07-30 00:00:00,2019-02-06 02:04:00,1287 days 02:04:00.000000000,1287.0
5,0x9bf4001d307dfd62b26a2f1307ee0c0307632d59,105,1490000.0181027001,,0,105,1490000.018102709,0.0,2019-11-12 02:52:00,2022-07-04 06:46:00,,,42,1.2261675156321543,105,100.0,0.0,100.0,965 days 03:54:00.000000000,,,,965.0,,,1544.041469536486,,,2022-07-04 06:46:00,8 days 10:14:00.000000000,8.0,False,2015-07-30 00:00:00,2019-11-12 02:52:00,1566 days 02:52:00.000000000,1566.0
6,0x742d35cc6634c0532925a3b844bc454e4438f44e,17125,1271479.88900447,Exchange,2045,15080,21894787.258988343,20615619.403653987,2018-04-28 15:28:00,2022-07-11 13:33:00,2018-04-28 15:43:00,2022-07-11 21:03:00,42,1.0463404817015238,13035,88.05839416058394,11.94160583941606,76.11678832116789,1534 days 22:05:00.000000000,1535 days 05:20:00.000000000,-1 days +16:45:00.000000000,0 days 00:15:00.000000000,1534.0,1535.0,0.0,14273.003428284448,13430.370947005855,842.6324812785933,2022-07-11 21:03:00,0 days 19:57:00.000000000,0.0,False,2015-07-30 00:00:00,2018-04-28 15:28:00,1003 days 15:28:00.000000000,1003.0
7,0x07ee55aa48bb72dcc6e9d78256648910de513eca,1233,773995.27049071,Exchange,0,1233,7663996.347131718,6900001.076641001,2016-08-08 17:51:00,2022-07-08 16:41:00,,,42,0.636944863354503,1233,100.0,0.0,100.0,2159 days 22:50:00.000000000,,,,2159.0,,,3549.7898782453535,,,2022-07-08 16:41:00,4 days 00:19:00.000000000,4.0,False,2015-07-30 00:00:00,2016-08-08 17:51:00,375 days 17:51:00.000000000,375.0
8,0xf977814e90da44bfa03b6295a0616a897441acec,8696,678420.83172747,Exchange,8582,114,846664.0004842399,430000.0,2019-07-09 14:49:00,2022-06-20 06:28:00,2019-07-09 14:54:00,2022-07-12 15:32:00,42,0.5582936749568784,-8468,1.3109475620975162,98.68905243790248,-97.37810487580496,1076 days 15:39:00.000000000,1099 days 00:38:00.000000000,-23 days +15:01:00.000000000,0 days 00:05:00.000000000,1076.0,1099.0,0.0,786.8624539816356,391.26478616924476,395.5976678123908,2022-07-12 15:32:00,0 days 01:28:00.000000000,0.0,False,2015-07-30 00:00:00,2019-07-09 14:49:00,1440 days 14:49:00.000000000,1440.0
9,0x011b6e24ffb0b5f5fcc564cf4183c5bbbc96d515,50,662302.30707891,,0,50,1436556.122846114,774102.643432135,2021-12-22 18:11:00,2022-01-05 00:47:00,,,42,0.545029237987846,50,100.0,0.0,100.0,13 days 06:36:00.000000000,,,,13.0,,,110504.31714200877,,,2022-01-05 00:47:00,188 days 16:13:00.000000000,188.0,False,2015-07-30 00:00:00,2021-12-22 18:11:00,2337 days 18:11:00.000000000,2337.0
12,0x4ddc2d193948926d02f9b1fe9e1daa0718270ed5,283936,521489.0316658,,0,283936,85473177.99859239,84949597.86972779,2019-05-07 15:48:00,2022-07-12 15:48:00,,,42,0.4291495990726882,283936,100.0,0.0,100.0,1162 days 00:00:00.000000000,,,,1162.0,,,73556.95180601755,,,2022-07-12 15:48:00,0 days 01:12:00.000000000,0.0,False,2015-07-30 00:00:00,2019-05-07 15:48:00,1377 days 15:48:00.000000000,1377.0
13,0x61edcdf5bb737adffe5043706e7c5bb1f1a56eea,351,479498.95358134,Exchange,0,351,2899505.10283434,2420006.149253,2016-06-27 15:58:00,2022-06-25 21:09:00,,,42,0.3945946533676649,351,100.0,0.0,100.0,2189 days 05:11:00.000000000,,,,2189.0,,,1324.579763743417,,,2022-06-25 21:09:00,16 days 19:51:00.000000000,16.0,False,2015-07-30 00:00:00,2016-06-27 15:58:00,333 days 15:58:00.000000000,333.0
15,0xdf9eb223bafbe5c5271415c75aecd68c21fe3d7f,55,358232.00105887,,0,55,275467.6918729432,254406.01962019395,2021-04-05 08:22:00,2022-01-04 11:56:00,,,42,0.2948002935715494,55,100.0,0.0,100.0,274 days 03:34:00.000000000,,,,274.0,,,1005.3565396822744,,,2022-01-04 11:56:00,189 days 05:04:00.000000000,189.0,False,2015-07-30 00:00:00,2021-04-05 08:22:00,2076 days 08:22:00.000000000,2076.0
17,0xde0b295669a9fd93d5f28d9ec85e40f4cb697bae,942,343270.35590318,,0,942,11918275.542629622,11575005.186726434,2015-08-08 15:44:00,2022-06-27 15:28:00,,,42,0.2824878888417276,942,100.0,0.0,100.0,2514 days 23:44:00.000000000,,,,2514.0,,,4740.761950131115,,,2022-06-27 15:28:00,15 days 01:32:00.000000000,15.0,False,2015-07-30 00:00:00,2015-08-08 15:44:00,9 days 15:44:00.000000000,9.0
19,0x8484ef722627bf18ca5ae6bcf031c23e6e922b30,67,323685.14513651,,0,67,3295419.6583960555,2974284.9410855626,2020-08-26 10:32:00,2022-02-18 19:17:00,,,42,0.2663706076758662,67,100.0,0.0,100.0,541 days 08:45:00.000000000,,,,541.0,,,6091.348721619326,,,2022-02-18 19:17:00,143 days 21:43:00.000000000,143.0,False,2015-07-30 00:00:00,2020-08-26 10:32:00,1854 days 10:32:00.000000000,1854.0
20,0x3bfc20f0b9afcace800d73d2191166ff16540258,171,306276.63536139,,0,171,337411.6363613999,31135.001,2017-09-14 20:11:00,2022-02-16 03:17:00,,,42,0.2520446016876262,171,100.0,0.0,100.0,1615 days 07:06:00.000000000,,,,1615.0,,,208.92361384606804,,,2022-02-16 03:17:00,146 days 13:43:00.000000000,146.0,False,2015-07-30 00:00:00,2017-09-14 20:11:00,777 days 20:11:00.000000000,777.0
22,0xa929022c9107643515f5c777ce9a910f0d1e490c,18975,296848.76667248,,0,18975,637036.844,340188.0773275134,2021-01-28 12:54:00,2022-07-12 11:31:00,,,42,0.24428611431344,18975,100.0,0.0,100.0,529 days 22:37:00.000000000,,,,529.0,,,1204.228438563327,,,2022-07-12 11:31:00,0 days 05:29:00.000000000,0.0,False,2015-07-30 00:00:00,2021-01-28 12:54:00,2009 days 12:54:00.000000000,2009.0
23,0x220866b1a2219f40e72f5c628b65d54268ca3a9d,82,290000.92186839,,0,82,325002.023205399,35001.101337,2021-05-12 01:01:00,2022-05-16 14:52:00,,,42,0.23865080911286865,82,100.0,0.0,100.0,369 days 13:51:00.000000000,,,,369.0,,,880.7642905295365,,,2022-05-16 14:52:00,57 days 02:08:00.000000000,57.0,False,2015-07-30 00:00:00,2021-05-12 01:01:00,2113 days 01:01:00.000000000,2113.0
24,0xb29380ffc20696729b7ab8d093fa1e2ec14dfe2b,17098,278615.00541209,,1112,15986,1907229.5127132037,1628611.07612371,2020-06-25 05:32:00,2022-07-12 12:15:00,2020-06-25 08:00:00,2022-07-05 10:08:00,42,0.22928098312307166,14874,93.49631535852147,6.503684641478536,86.99263071704293,747 days 06:43:00.000000000,740 days 02:08:00.000000000,7 days 04:35:00.000000000,0 days 02:28:00.000000000,747.0,740.0,0.0,2553.1854253188803,2200.825778545554,352.3596467733264,2022-07-12 12:15:00,0 days 04:45:00.000000000,0.0,False,2015-07-30 00:00:00,2020-06-25 05:32:00,1792 days 05:32:00.000000000,1792.0
26,0x0a4c79ce84202b03e95b7a692e5d728d83c44c76,38,254248.45401794,,1,37,254248.45543794,0.001,2017-04-17 19:19:00,2022-07-04 06:43:00,2017-04-17 19:22:00,2017-04-17 19:22:00,42,0.2092289875361637,36,97.36842105263158,2.631578947368421,94.73684210526315,1903 days 11:24:00.000000000,0 days 00:00:00.000000000,1903 days 11:24:00.000000000,0 days 00:03:00.000000000,1903.0,0.0,0.0,133.60402282603258,inf,-inf,2022-07-04 06:43:00,8 days 10:17:00.000000000,8.0,False,2015-07-30 00:00:00,2017-04-17 19:19:00,627 days 19:19:00.000000000,627.0
27,0x6eb6052e8f14fdc19d0a5d697b26d2ffb88345c6,3,250000.04827800003,,1,2,250000.1,0.05,2022-06-29 13:45:00,2022-06-29 15:29:00,2022-06-29 14:09:00,2022-06-29 14:09:00,42,0.20573284186619734,1,66.66666666666666,33.33333333333333,33.33333333333333,0 days 01:44:00.000000000,0 days 00:00:00.000000000,0 days 01:44:00.000000000,0 days 00:24:00.000000000,0.0,0.0,0.0,inf,inf,,2022-06-29 15:29:00,13 days 01:31:00.000000000,13.0,False,2015-07-30 00:00:00,2022-06-29 13:45:00,2526 days 13:45:00.000000000,2526.0
28,0x5f0cc098cfef729a0c1072268945d1a5fd57b45d,3,250000.04827800003,,1,2,250000.1,0.05,2022-06-29 13:41:00,2022-06-29 15:16:00,2022-06-29 14:01:00,2022-06-29 14:01:00,42,0.20573284186619734,1,66.66666666666666,33.33333333333333,33.33333333333333,0 days 01:35:00.000000000,0 days 00:00:00.000000000,0 days 01:35:00.000000000,0 days 00:20:00.000000000,0.0,0.0,0.0,inf,inf,,2022-06-29 15:16:00,13 days 01:44:00.000000000,13.0,False,2015-07-30 00:00:00,2022-06-29 13:41:00,2526 days 13:41:00.000000000,2526.0
29,0x2b6ed29a95753c3ad948348e3e7b1a251080ffb9,39,250000.01705597,,0,39,0.017055971329543722,0.0,2015-07-30 15:26:00,2022-07-04 06:51:00,,,42,0.20573281617261444,39,100.0,0.0,100.0,2530 days 15:25:00.000000000,,,,2530.0,,,6.741490644088428e-06,,,2022-07-04 06:51:00,8 days 10:09:00.000000000,8.0,False,2015-07-30 00:00:00,2015-07-30 15:26:00,0 days 15:26:00.000000000,0.0
30,0x176f3dab24a159341c0509bb36b833e7fdd0a132,121,247646.55654873,,29,92,566561.1481897705,318914.5,2021-11-26 06:27:00,2022-07-04 06:50:00,2021-11-26 06:38:00,2022-06-29 11:42:00,42,0.203796080073124,63,76.03305785123968,23.96694214876033,52.066115702479344,220 days 00:23:00.000000000,215 days 05:04:00.000000000,4 days 19:19:00.000000000,0 days 00:11:00.000000000,220.0,215.0,0.0,2575.2779463171387,1483.3232558139534,1091.9546905031852,2022-07-04 06:50:00,8 days 10:10:00.000000000,8.0,False,2015-07-30 00:00:00,2021-11-26 06:27:00,2311 days 06:27:00.000000000,2311.0
31,0x9acb5ce4878144a74eeededa54c675aa59e0d3d2,7,247439.48094520002,,0,7,247439.480945206,0.0,2022-04-20 16:00:00,2022-06-16 06:13:00,,,42,0.20362567109645052,7,100.0,0.0,100.0,56 days 14:13:00.000000000,,,,56.0,,,4418.562159735821,,,2022-06-16 06:13:00,26 days 10:47:00.000000000,26.0,False,2015-07-30 00:00:00,2022-04-20 16:00:00,2456 days 16:00:00.000000000,2456.0
32,0x189b9cbd4aff470af2c0102f365fc1823d857965,1397,245807.45957569,,432,965,582854.6888398791,337045.61,2019-10-09 01:42:00,2022-07-12 09:10:00,2019-10-23 06:12:00,2022-07-12 07:19:00,42,0.20228262977846528,533,69.07659269863994,30.923407301360058,38.153185397279884,1007 days 07:28:00.000000000,993 days 01:07:00.000000000,14 days 06:21:00.000000000,14 days 04:30:00.000000000,1007.0,993.0,14.0,578.803067368301,339.42156092648537,239.3815064418156,2022-07-12 09:10:00,0 days 07:50:00.000000000,0.0,False,2015-07-30 00:00:00,2019-10-09 01:42:00,1532 days 01:42:00.000000000,1532.0
33,0x9845e1909dca337944a0272f1f9f7249833d2d19,34,235001.21828349,,1,33,235001.3193334915,0.1,2020-10-08 06:24:00,2022-07-04 06:52:00,2020-10-08 06:27:00,2020-10-08 06:27:00,42,0.19338983657202574,32,97.05882352941177,2.941176470588235,94.11764705882352,634 days 00:28:00.000000000,0 days 00:00:00.000000000,634 days 00:28:00.000000000,0 days 00:03:00.000000000,634.0,0.0,0.0,370.66454153547556,inf,-inf,2022-07-04 06:52:00,8 days 10:08:00.000000000,8.0,False,2015-07-30 00:00:00,2020-10-08 06:24:00,1897 days 06:24:00.000000000,1897.0
34,0x7b0419581eb2e34b4d3bfc1689f1bd855d364d9d,3,231927.78796174,,0,3,231927.78796174453,0.0,2022-06-23 20:16:00,2022-07-04 06:54:00,,,42,0.19086061484296332,3,100.0,0.0,100.0,10 days 10:38:00.000000000,,,,10.0,,,23192.778796174454,,,2022-07-04 06:54:00,8 days 10:06:00.000000000,8.0,False,2015-07-30 00:00:00,2022-06-23 20:16:00,2520 days 20:16:00.000000000,2520.0
35,0x78605df79524164911c144801f41e9811b7db73d,54,220473.68847312,,0,54,230473.6884731204,10000.0,2021-06-21 07:57:00,2022-06-30 04:13:00,,,42,0.18143467890797688,54,100.0,0.0,100.0,373 days 20:16:00.000000000,,,,373.0,,,617.8919262013951,,,2022-06-30 04:13:00,12 days 12:47:00.000000000,12.0,False,2015-07-30 00:00:00,2021-06-21 07:57:00,2153 days 07:57:00.000000000,2153.0
36,0x0548f59fee79f8832c299e01dca5c76f034f558e,10171,218239.89087634,,7347,2824,10411294.908800423,10191852.625054654,2020-05-26 19:20:00,2022-07-12 15:38:00,2020-05-26 20:14:00,2022-07-12 15:38:00,42,0.17959641715200955,-4523,27.765214826467403,72.23478517353259,-44.469570347065186,776 days 20:18:00.000000000,776 days 19:24:00.000000000,0 days 00:54:00.000000000,0 days 00:54:00.000000000,776.0,776.0,0.0,13416.61715051601,13133.830702390018,282.7864481259912,2022-07-12 15:38:00,0 days 01:22:00.000000000,0.0,False,2015-07-30 00:00:00,2020-05-26 19:20:00,1762 days 19:20:00.000000000,1762.0
37,0x59448fe20378357f206880c58068f095ae63d5a5,28,215368.75591044,Exchange,0,28,215368.75591044,0.0,2021-12-26 11:24:00,2021-12-26 11:26:00,,,42,0.1772336705846202,28,100.0,0.0,100.0,0 days 00:02:00.000000000,,,,0.0,,,inf,,,2021-12-26 11:26:00,198 days 05:34:00.000000000,198.0,False,2015-07-30 00:00:00,2021-12-26 11:24:00,2341 days 11:24:00.000000000,2341.0
39,0xbddf00563c9abd25b576017f08c46982012f12be,295,203815.187217,,0,295,347654.87133600004,143839.684119,2021-04-21 01:51:00,2022-07-09 02:58:00,,,42,0.16772587833669803,295,100.0,0.0,100.0,444 days 01:07:00.000000000,,,,444.0,,,783.006466972973,,,2022-07-09 02:58:00,3 days 14:02:00.000000000,3.0,False,2015-07-30 00:00:00,2021-04-21 01:51:00,2092 days 01:51:00.000000000,2092.0
40,0x558553d54183a8542f7832742e7b4ba9c33aa1e6,50,200001.66458399998,Exchange,6,44,400006.773719,200005.09886600001,2020-06-02 05:15:00,2022-03-31 14:14:00,2020-06-02 05:46:00,2021-06-30 14:45:00,42,0.16458761154750237,38,88.0,12.0,76.0,667 days 08:59:00.000000000,393 days 08:59:00.000000000,274 days 00:00:00.000000000,0 days 00:31:00.000000000,667.0,393.0,0.0,599.710305425787,508.9188266310433,90.79147879474374,2022-03-31 14:14:00,103 days 02:46:00.000000000,103.0,False,2015-07-30 00:00:00,2020-06-02 05:15:00,1769 days 05:15:00.000000000,1769.0
41,0x98ec059dc3adfbdd63429454aeb0c990fba4a128,37,200000.10703597,Exchange,0,37,200000.10703597133,0.0,2019-03-18 04:02:00,2021-12-26 10:37:00,,,42,0.1645863297926197,37,100.0,0.0,100.0,1014 days 06:35:00.000000000,,,,1014.0,,,197.23876433527744,,,2021-12-26 10:37:00,198 days 06:23:00.000000000,198.0,False,2015-07-30 00:00:00,2019-03-18 04:02:00,1327 days 04:02:00.000000000,1327.0
42,0x0c23fc0ef06716d2f8ba19bc4bed56d045581f2d,44,200000.0,,0,44,229492.9827233863,29492.98272338629,2021-03-10 19:54:00,2022-05-17 19:37:00,,,42,0.16458624170937955,44,100.0,0.0,100.0,432 days 23:43:00.000000000,,,,432.0,,,531.2337563041349,,,2022-05-17 19:37:00,55 days 21:23:00.000000000,55.0,False,2015-07-30 00:00:00,2021-03-10 19:54:00,2050 days 19:54:00.000000000,2050.0
43,0xa160cdab225685da1d56aa342ad8841c3b53f291,8385,198300.0,,0,8385,2918300.0,2720500.0,2019-12-25 18:02:00,2022-07-01 03:21:00,,,42,0.16318725865484981,8385,100.0,0.0,100.0,918 days 09:19:00.000000000,,,,918.0,,,3178.9760348583877,,,2022-07-01 03:21:00,11 days 13:39:00.000000000,11.0,False,2015-07-30 00:00:00,2019-12-25 18:02:00,1609 days 18:02:00.000000000,1609.0
44,0xcdbf58a9a9b54a2c43800c50c7192946de858321,72,193799.07497000002,,5,67,215810.08000999998,22010.998928999998,2017-10-27 13:35:00,2022-07-04 06:54:00,2017-10-27 13:37:00,2022-02-28 11:49:00,42,0.15948330698033295,62,93.05555555555556,6.944444444444445,86.11111111111111,1710 days 17:19:00.000000000,1584 days 22:12:00.000000000,125 days 19:07:00.000000000,0 days 00:02:00.000000000,1710.0,1584.0,0.0,126.20472515204676,13.895832657196967,112.3088924948498,2022-07-04 06:54:00,8 days 10:06:00.000000000,8.0,False,2015-07-30 00:00:00,2017-10-27 13:35:00,820 days 13:35:00.000000000,820.0
45,0x66f820a414680b5bcda5eeca5dea238543f42054,185,188508.62367176,Exchange,143,42,1650602.6875310803,1462093.0649370002,2019-01-09 00:04:00,2022-06-16 06:18:00,2019-01-09 23:03:00,2022-06-28 19:43:00,42,0.1551296294997138,-101,22.702702702702705,77.29729729729729,-54.59459459459459,1254 days 06:14:00.000000000,1265 days 20:40:00.000000000,-12 days +09:34:00.000000000,0 days 22:59:00.000000000,1254.0,1265.0,0.0,1316.2700857504628,1155.804794416601,160.46529133386184,2022-06-28 19:43:00,13 days 21:17:00.000000000,13.0,False,2015-07-30 00:00:00,2019-01-09 00:04:00,1259 days 00:04:00.000000000,1259.0
46,0xbf3aeb96e164ae67e763d9e050ff124e7c3fdd28,33,187068.1956,,1,32,187073.19602,5.0,2017-03-26 02:56:00,2022-07-04 06:55:00,2017-03-26 03:01:00,2017-03-26 03:01:00,42,0.15394425628579544,31,96.96969696969697,3.0303030303030303,93.93939393939394,1926 days 03:59:00.000000000,0 days 00:00:00.000000000,1926 days 03:59:00.000000000,0 days 00:05:00.000000000,1926.0,0.0,0.0,97.13042368639668,inf,-inf,2022-07-04 06:55:00,8 days 10:05:00.000000000,8.0,False,2015-07-30 00:00:00,2017-03-26 02:56:00,605 days 02:56:00.000000000,605.0
47,0x7d812b62dc15e6f4073eba8a2ba8db19c4e40704,1801,181199.52948235,,1636,165,455034.3866832024,273828.0626,2020-11-04 12:57:00,2022-07-09 03:15:00,2020-11-04 13:08:00,2022-07-12 14:20:00,42,0.1491147477850395,-1471,9.161576901721267,90.83842309827872,-81.67684619655748,611 days 14:18:00.000000000,615 days 01:12:00.000000000,-4 days +13:06:00.000000000,0 days 00:11:00.000000000,611.0,615.0,0.0,744.7371304144066,445.24888227642276,299.4882481379838,2022-07-12 14:20:00,0 days 02:40:00.000000000,0.0,False,2015-07-30 00:00:00,2020-11-04 12:57:00,1924 days 12:57:00.000000000,1924.0
48,0x1db92e2eebc8e0c075a02bea49a2935bcd2dfcf4,132443,179934.95634821,,0,132443,1116435.4563482124,936500.5,2021-02-25 10:30:00,2022-07-12 10:30:00,,,42,0.14807409108746572,132443,100.0,0.0,100.0,502 days 00:00:00.000000000,,,,502.0,,,2223.9750126458416,,,2022-07-12 10:30:00,0 days 06:30:00.000000000,0.0,False,2015-07-30 00:00:00,2021-02-25 10:30:00,2037 days 10:30:00.000000000,2037.0
49,0x36a85757645e8e8aec062a1dee289c7d615901ca,26,177328.30765968,Exchange,0,26,177328.30765968,0.0,2021-01-14 10:54:00,2022-01-01 15:47:00,,,42,0.14592899853195657,26,100.0,0.0,100.0,352 days 04:53:00.000000000,,,,352.0,,,503.7736013059091,,,2022-01-01 15:47:00,192 days 01:13:00.000000000,192.0,False,2015-07-30 00:00:00,2021-01-14 10:54:00,1995 days 10:54:00.000000000,1995.0
50,0x550cd530bc893fc6d2b4df6bea587f17142ab64e,7,176818.52352084,,0,7,176818.5235208467,0.0,2018-12-01 00:07:00,2022-07-07 06:45:00,,,42,0.14550948125448293,7,100.0,0.0,100.0,1314 days 06:38:00.000000000,,,,1314.0,,,134.56508639333845,,,2022-07-07 06:45:00,5 days 10:15:00.000000000,5.0,False,2015-07-30 00:00:00,2018-12-01 00:07:00,1220 days 00:07:00.000000000,1220.0
51,0x9cf36e93a8e2b1eaaa779d9965f46c90b820048c,11,172592.06179937,,0,11,172592.06179937648,0.0,2018-12-01 00:17:00,2022-07-07 12:47:00,,,42,0.14203139400215642,11,100.0,0.0,100.0,1314 days 12:30:00.000000000,,,,1314.0,,,131.34860106497447,,,2022-07-07 12:47:00,5 days 04:13:00.000000000,5.0,False,2015-07-30 00:00:00,2018-12-01 00:17:00,1220 days 00:17:00.000000000,1220.0
52,0xa7e4fecddc20d83f36971b67e13f1abc98dfcfa6,82,172038.06720675,,42,40,805247.0118729473,633206.0,2016-01-22 16:52:00,2022-07-04 06:56:00,2016-01-22 17:01:00,2021-01-06 13:55:00,42,0.1415754945625232,-2,48.78048780487805,51.21951219512195,-2.4390243902439024,2354 days 14:04:00.000000000,1810 days 20:54:00.000000000,543 days 17:10:00.000000000,0 days 00:09:00.000000000,2354.0,1810.0,0.0,342.0760458253812,349.8375690607735,-7.761523235392303,2022-07-04 06:56:00,8 days 10:04:00.000000000,8.0,False,2015-07-30 00:00:00,2016-01-22 16:52:00,176 days 16:52:00.000000000,176.0
53,0xdc1487e092caba080c6badafaa75a58ce7a2ec34,239,171371.28401292,,91,148,288524.76186621236,117153.24,2021-02-24 13:25:00,2022-07-04 06:59:00,2021-02-24 14:40:00,2022-07-04 08:53:00,42,0.1410267778629859,57,61.92468619246861,38.07531380753138,23.84937238493724,494 days 17:34:00.000000000,494 days 18:13:00.000000000,-1 days +23:21:00.000000000,0 days 01:15:00.000000000,494.0,494.0,0.0,584.0582224012396,237.15230769230772,346.9059147089319,2022-07-04 08:53:00,8 days 08:07:00.000000000,8.0,False,2015-07-30 00:00:00,2021-02-24 13:25:00,2036 days 13:25:00.000000000,2036.0
54,0xa0efb63be0db8fc11681a598bf351a42a6ff50e0,7,169861.72849572,,0,7,169861.7284957248,0.0,2018-12-01 00:10:00,2022-07-07 23:35:00,,,42,0.13978451751684787,7,100.0,0.0,100.0,1314 days 23:25:00.000000000,,,,1314.0,,,129.27072183845112,,,2022-07-07 23:35:00,4 days 17:25:00.000000000,4.0,False,2015-07-30 00:00:00,2018-12-01 00:10:00,1220 days 00:10:00.000000000,1220.0
55,0x8b83b9c4683aa4ec897c569010f09c6d04608163,7,169861.72849572,,0,7,169861.7284957248,0.0,2018-12-01 00:09:00,2022-07-07 23:35:00,,,42,0.13978451751684787,7,100.0,0.0,100.0,1314 days 23:26:00.000000000,,,,1314.0,,,129.27072183845112,,,2022-07-07 23:35:00,4 days 17:25:00.000000000,4.0,False,2015-07-30 00:00:00,2018-12-01 00:09:00,1220 days 00:09:00.000000000,1220.0
56,0x5b5b69f4e0add2df5d2176d7dbd20b4897bc7ec4,45,169031.99351958,,10,35,338066.22001,169034.22,2015-10-13 04:03:00,2022-06-19 11:36:00,2016-07-27 06:48:00,2016-07-30 02:42:00,42,0.13910170271015934,25,77.77777777777779,22.22222222222222,55.55555555555556,2441 days 07:33:00.000000000,2 days 19:54:00.000000000,2438 days 11:39:00.000000000,288 days 02:45:00.000000000,2441.0,2.0,288.0,138.49496927898403,84517.11,-84378.61503072102,2022-06-19 11:36:00,23 days 05:24:00.000000000,23.0,False,2015-07-30 00:00:00,2015-10-13 04:03:00,75 days 04:03:00.000000000,75.0
57,0x4756eeebf378046f8dd3cb6fa908d93bfd45f139,16,167720.90830506,,0,16,167720.90830506347,0.0,2018-12-01 14:48:00,2022-07-08 14:11:00,,,42,0.13802276977006644,16,100.0,0.0,100.0,1314 days 23:23:00.000000000,,,,1314.0,,,127.6414827283588,,,2022-07-08 14:11:00,4 days 02:49:00.000000000,4.0,False,2015-07-30 00:00:00,2018-12-01 14:48:00,1220 days 14:48:00.000000000,1220.0
58,0x554f4476825293d4ad20e02b54aca13956acc40a,11,167628.98641908,,0,11,167628.98641908928,0.0,2018-12-01 00:21:00,2022-07-08 16:22:00,,,42,0.13794712438134502,11,100.0,0.0,100.0,1315 days 16:01:00.000000000,,,,1315.0,,,127.47451438714015,,,2022-07-08 16:22:00,4 days 00:38:00.000000000,4.0,False,2015-07-30 00:00:00,2018-12-01 00:21:00,1220 days 00:21:00.000000000,1220.0
59,0x7da82c7ab4771ff031b66538d2fb9b0b047f6cf9,493,165034.34311324,,0,493,821056.8931928086,656022.5500795611,2016-11-10 11:28:00,2022-05-27 18:40:00,,,42,0.13581191142992197,493,100.0,0.0,100.0,2024 days 07:12:00.000000000,,,,2024.0,,,405.66052035217814,,,2022-05-27 18:40:00,45 days 22:20:00.000000000,45.0,False,2015-07-30 00:00:00,2016-11-10 11:28:00,469 days 11:28:00.000000000,469.0
60,0x6262998ced04146fa42253a5c0af90ca02dfd2a3,767737,163149.79884955,Exchange,9070,758667,3637035.7255827338,3473417.1,2019-03-18 09:26:00,2022-07-12 16:26:00,2019-04-01 09:38:00,2022-07-12 08:21:00,42,0.13426106114144343,749597,98.81860585070147,1.181394149298523,97.63721170140296,1212 days 07:00:00.000000000,1197 days 22:43:00.000000000,14 days 08:17:00.000000000,14 days 00:12:00.000000000,1212.0,1197.0,14.0,3000.8545590616613,2901.768671679198,99.08588738246317,2022-07-12 16:26:00,0 days 00:34:00.000000000,0.0,False,2015-07-30 00:00:00,2019-03-18 09:26:00,1327 days 09:26:00.000000000,1327.0
61,0xa8dcc0373822b94d7f57326be24ca67bafcaad6b,12,159723.38178711,,0,12,159723.38178711574,0.0,2018-12-01 00:10:00,2022-07-08 18:54:00,,,42,0.131441355607264,12,100.0,0.0,100.0,1315 days 18:44:00.000000000,,,,1315.0,,,121.46264774685608,,,2022-07-08 18:54:00,3 days 22:06:00.000000000,3.0,False,2015-07-30 00:00:00,2018-12-01 00:10:00,1220 days 00:10:00.000000000,1220.0
62,0xd69b0089d9ca950640f5dc9931a41a5965f00303,103,159461.57638037,Exchange,0,103,269218.170617497,109756.59423711828,2018-12-18 16:48:00,2022-07-05 20:18:00,,,42,0.13122590776749132,103,100.0,0.0,100.0,1295 days 03:30:00.000000000,,,,1295.0,,,207.89047924131043,,,2022-07-05 20:18:00,6 days 20:42:00.000000000,6.0,False,2015-07-30 00:00:00,2018-12-18 16:48:00,1237 days 16:48:00.000000000,1237.0
63,0xdc24316b9ae028f1497c275eb9192a3ea0f67022,42907,154810.50538213,,0,42907,6181729.217592931,6032108.798899198,2021-01-05 05:18:00,2022-07-12 15:45:00,,,42,0.12739839628987226,42907,100.0,0.0,100.0,553 days 10:27:00.000000000,,,,553.0,,,11178.533847365155,,,2022-07-12 15:45:00,0 days 01:15:00.000000000,0.0,False,2015-07-30 00:00:00,2021-01-05 05:18:00,1986 days 05:18:00.000000000,1986.0
64,0xfd898a0f677e97a9031654fc79a27cb5e31da34a,30,150000.1,,0,30,150000.1,0.0,2018-12-01 02:19:00,2022-01-05 05:52:00,,,42,0.1234397635751555,30,100.0,0.0,100.0,1131 days 03:33:00.000000000,,,,1131.0,,,132.62608311229002,,,2022-01-05 05:52:00,188 days 11:08:00.000000000,188.0,False,2015-07-30 00:00:00,2018-12-01 02:19:00,1220 days 02:19:00.000000000,1220.0
65,0xb8cda067fabedd1bb6c11c626862d7255a2414fe,5,150000.0012345,,0,5,150000.0012345,0.0,2018-12-01 02:30:00,2022-07-02 15:32:00,,,42,0.12343968229794322,5,100.0,0.0,100.0,1309 days 13:02:00.000000000,,,,1309.0,,,114.59129200496562,,,2022-07-02 15:32:00,10 days 01:28:00.000000000,10.0,False,2015-07-30 00:00:00,2018-12-01 02:30:00,1220 days 02:30:00.000000000,1220.0
66,0x701c484bfb40ac628afa487b6082f084b14af0bd,32,150000.00106900002,,0,32,150000.00106900002,0.0,2018-12-01 02:18:00,2022-06-20 04:31:00,,,42,0.12343968216174814,32,100.0,0.0,100.0,1297 days 02:13:00.000000000,,,,1297.0,,,115.65150429375484,,,2022-06-20 04:31:00,22 days 12:29:00.000000000,22.0,False,2015-07-30 00:00:00,2018-12-01 02:18:00,1220 days 02:18:00.000000000,1220.0
67,0x4b4a011c420b91260a272afd91e54accdafdfc1d,6,150000.001,,0,6,150000.001,0.0,2018-12-01 01:52:00,2022-06-20 04:50:00,,,42,0.12343968210496586,6,100.0,0.0,100.0,1297 days 02:58:00.000000000,,,,1297.0,,,115.65150424055511,,,2022-06-20 04:50:00,22 days 12:10:00.000000000,22.0,False,2015-07-30 00:00:00,2018-12-01 01:52:00,1220 days 01:52:00.000000000,1220.0
68,0xc4cf565a5d25ee2803c9b8e91fc3d7c62e79fe69,5,150000.0006789,,0,5,150000.0006789,0.0,2018-12-01 01:57:00,2022-07-02 15:33:00,,,42,0.12343968184072264,5,100.0,0.0,100.0,1309 days 13:36:00.000000000,,,,1309.0,,,114.59129158051947,,,2022-07-02 15:33:00,10 days 01:27:00.000000000,10.0,False,2015-07-30 00:00:00,2018-12-01 01:57:00,1220 days 01:57:00.000000000,1220.0
69,0xd05e6bf1a00b5b4c9df909309f19e29af792422b,5,150000.000051,,0,5,150000.000051,0.0,2018-12-01 01:42:00,2022-07-02 15:36:00,,,42,0.12343968132400415,5,100.0,0.0,100.0,1309 days 13:54:00.000000000,,,,1309.0,,,114.59129110084034,,,2022-07-02 15:36:00,10 days 01:24:00.000000000,10.0,False,2015-07-30 00:00:00,2018-12-01 01:42:00,1220 days 01:42:00.000000000,1220.0
70,0x19d599012788b991ff542f31208bab21ea38403e,5,150000.000015,,0,5,150000.000015,0.0,2018-12-01 01:45:00,2022-07-02 15:34:00,,,42,0.12343968129437863,5,100.0,0.0,100.0,1309 days 13:49:00.000000000,,,,1309.0,,,114.59129107333843,,,2022-07-02 15:34:00,10 days 01:26:00.000000000,10.0,False,2015-07-30 00:00:00,2018-12-01 01:45:00,1220 days 01:45:00.000000000,1220.0
71,0x9c2fc4fc75fa2d7eb5ba9147fa7430756654faa9,7,150000.0,,0,7,150000.0,0.0,2018-12-01 02:39:00,2022-06-20 04:59:00,,,42,0.12343968128203467,7,100.0,0.0,100.0,1297 days 02:20:00.000000000,,,,1297.0,,,115.6515034695451,,,2022-06-20 04:59:00,22 days 12:01:00.000000000,22.0,False,2015-07-30 00:00:00,2018-12-01 02:39:00,1220 days 02:39:00.000000000,1220.0
72,0xb20411c403687d1036e05c8a7310a0f218429503,4,150000.0,,0,4,150000.0,0.0,2018-12-01 02:35:00,2018-12-01 02:37:00,,,42,0.12343968128203467,4,100.0,0.0,100.0,0 days 00:02:00.000000000,,,,0.0,,,inf,,,2018-12-01 02:37:00,1319 days 14:23:00.000000000,1319.0,False,2015-07-30 00:00:00,2018-12-01 02:35:00,1220 days 02:35:00.000000000,1220.0
73,0x9a1ed80ebc9936cee2d3db944ee6bd8d407e7f9f,37,150000.0,,0,37,150000.0,0.0,2018-12-01 02:35:00,2018-12-11 21:00:00,,,42,0.12343968128203467,37,100.0,0.0,100.0,10 days 18:25:00.000000000,,,,10.0,,,15000.0,,,2018-12-11 21:00:00,1308 days 20:00:00.000000000,1308.0,False,2015-07-30 00:00:00,2018-12-01 02:35:00,1220 days 02:35:00.000000000,1220.0
74,0xb9fa6e54025b4f0829d8e1b42e8b846914659632,4,150000.0,,0,4,150000.0,0.0,2018-12-01 02:21:00,2018-12-01 02:39:00,,,42,0.12343968128203467,4,100.0,0.0,100.0,0 days 00:18:00.000000000,,,,0.0,,,inf,,,2018-12-01 02:39:00,1319 days 14:21:00.000000000,1319.0,False,2015-07-30 00:00:00,2018-12-01 02:21:00,1220 days 02:21:00.000000000,1220.0
75,0xba18ded5e0d604a86428282964ae0bb249ceb9d0,4,150000.0,,0,4,150000.0,0.0,2018-12-01 02:17:00,2018-12-01 02:41:00,,,42,0.12343968128203467,4,100.0,0.0,100.0,0 days 00:24:00.000000000,,,,0.0,,,inf,,,2018-12-01 02:41:00,1319 days 14:19:00.000000000,1319.0,False,2015-07-30 00:00:00,2018-12-01 02:17:00,1220 days 02:17:00.000000000,1220.0
76,0xfe01a216234f79cfc3bea7513e457c6a9e50250d,4,150000.0,,0,4,150000.0,0.0,2018-12-01 02:16:00,2018-12-01 02:32:00,,,42,0.12343968128203467,4,100.0,0.0,100.0,0 days 00:16:00.000000000,,,,0.0,,,inf,,,2018-12-01 02:32:00,1319 days 14:28:00.000000000,1319.0,False,2015-07-30 00:00:00,2018-12-01 02:16:00,1220 days 02:16:00.000000000,1220.0
77,0x0c05ec4db907cfb91b2a1a29e7b86688b7568a6d,4,150000.0,,0,4,150000.0,0.0,2018-12-01 02:16:00,2018-12-01 02:34:00,,,42,0.12343968128203467,4,100.0,0.0,100.0,0 days 00:18:00.000000000,,,,0.0,,,inf,,,2018-12-01 02:34:00,1319 days 14:26:00.000000000,1319.0,False,2015-07-30 00:00:00,2018-12-01 02:16:00,1220 days 02:16:00.000000000,1220.0
78,0xe04cf52e9fafa3d9bf14c407afff94165ef835f7,4,150000.0,,0,4,150000.0,0.0,2018-12-01 01:53:00,2018-12-01 02:04:00,,,42,0.12343968128203467,4,100.0,0.0,100.0,0 days 00:11:00.000000000,,,,0.0,,,inf,,,2018-12-01 02:04:00,1319 days 14:56:00.000000000,1319.0,False,2015-07-30 00:00:00,2018-12-01 01:53:00,1220 days 01:53:00.000000000,1220.0
79,0x77afe94859163abf0b90725d69e904ea91446c7b,4,150000.0,,0,4,150000.0,0.0,2018-12-01 01:48:00,2018-12-01 01:51:00,,,42,0.12343968128203467,4,100.0,0.0,100.0,0 days 00:03:00.000000000,,,,0.0,,,inf,,,2018-12-01 01:51:00,1319 days 15:09:00.000000000,1319.0,False,2015-07-30 00:00:00,2018-12-01 01:48:00,1220 days 01:48:00.000000000,1220.0
80,0xca582d9655a50e6512045740deb0de3a7ee5281f,4,150000.0,,0,4,150000.0,0.0,2018-12-01 01:43:00,2018-12-01 01:56:00,,,42,0.12343968128203467,4,100.0,0.0,100.0,0 days 00:13:00.000000000,,,,0.0,,,inf,,,2018-12-01 01:56:00,1319 days 15:04:00.000000000,1319.0,False,2015-07-30 00:00:00,2018-12-01 01:43:00,1220 days 01:43:00.000000000,1220.0
81,0x0f00294c6e4c30d9ffc0557fec6c586e6f8c3935,5,150000.0,,0,5,150000.0,0.0,2018-12-01 01:41:00,2018-12-01 02:17:00,,,42,0.12343968128203467,5,100.0,0.0,100.0,0 days 00:36:00.000000000,,,,0.0,,,inf,,,2018-12-01 02:17:00,1319 days 14:43:00.000000000,1319.0,False,2015-07-30 00:00:00,2018-12-01 01:41:00,1220 days 01:41:00.000000000,1220.0
82,0xeb2b00042ce4522ce2d1aacee6f312d26c4eb9d6,4,150000.0,,0,4,150000.0,0.0,2018-12-01 01:41:00,2018-12-01 01:49:00,,,42,0.12343968128203467,4,100.0,0.0,100.0,0 days 00:08:00.000000000,,,,0.0,,,inf,,,2018-12-01 01:49:00,1319 days 15:11:00.000000000,1319.0,False,2015-07-30 00:00:00,2018-12-01 01:41:00,1220 days 01:41:00.000000000,1220.0
83,0x7ae92148e79d60a0749fd6de374c8e81dfddf792,4,150000.0,,0,4,150000.0,0.0,2018-12-01 01:41:00,2018-12-01 01:44:00,,,42,0.12343968128203467,4,100.0,0.0,100.0,0 days 00:03:00.000000000,,,,0.0,,,inf,,,2018-12-01 01:44:00,1319 days 15:16:00.000000000,1319.0,False,2015-07-30 00:00:00,2018-12-01 01:41:00,1220 days 01:41:00.000000000,1220.0
84,0x091933ee1088cdf5daace8baec0997a4e93f0dd6,4,150000.0,,0,4,150000.0,0.0,2018-12-01 00:12:00,2018-12-01 00:15:00,,,42,0.12343968128203467,4,100.0,0.0,100.0,0 days 00:03:00.000000000,,,,0.0,,,inf,,,2018-12-01 00:15:00,1319 days 16:45:00.000000000,1319.0,False,2015-07-30 00:00:00,2018-12-01 00:12:00,1220 days 00:12:00.000000000,1220.0
85,0x828103b231b39fffce028562412b3c04a4640e64,5,150000.0,,0,5,150000.0,0.0,2018-12-01 00:06:00,2018-12-01 02:04:00,,,42,0.12343968128203467,5,100.0,0.0,100.0,0 days 01:58:00.000000000,,,,0.0,,,inf,,,2018-12-01 02:04:00,1319 days 14:56:00.000000000,1319.0,False,2015-07-30 00:00:00,2018-12-01 00:06:00,1220 days 00:06:00.000000000,1220.0
86,0x19184ab45c40c2920b0e0e31413b9434abd243ed,308,148556.95876725,,138,170,203408.04336836888,54850.05,2018-11-26 04:56:00,2022-07-04 07:02:00,2018-11-26 05:32:00,2022-06-28 16:23:00,42,0.1222521576163847,32,55.1948051948052,44.8051948051948,10.38961038961039,1316 days 02:06:00.000000000,1310 days 10:51:00.000000000,5 days 15:15:00.000000000,0 days 00:36:00.000000000,1316.0,1310.0,0.0,154.56538249876056,41.87026717557252,112.69511532318803,2022-07-04 07:02:00,8 days 09:58:00.000000000,8.0,False,2015-07-30 00:00:00,2018-11-26 04:56:00,1215 days 04:56:00.000000000,1215.0
87,0x4baf012726cb5ec7dda57bc2770798a38100c44d,8,145000.09839497,,2,6,150000.11887797446,5000.02,2016-10-28 02:01:00,2022-06-22 14:59:00,2016-10-28 02:14:00,2020-02-24 19:35:00,42,0.11932510621159174,4,75.0,25.0,50.0,2063 days 12:58:00.000000000,1214 days 17:21:00.000000000,848 days 19:37:00.000000000,0 days 00:13:00.000000000,2063.0,1214.0,0.0,72.70970377022513,4.118632619439868,68.59107115078527,2022-06-22 14:59:00,20 days 02:01:00.000000000,20.0,False,2015-07-30 00:00:00,2016-10-28 02:01:00,456 days 02:01:00.000000000,456.0
88,0xd6216fc19db775df9774a6e33526131da7d19a2c,6408,138806.65006624,Exchange,6174,234,409563.4303023577,270732.51124280354,2020-10-22 07:12:00,2022-06-28 07:25:00,2020-10-22 07:16:00,2022-07-12 10:16:00,42,0.11422832429335719,-5940,3.651685393258427,96.34831460674157,-92.69662921348315,614 days 00:13:00.000000000,628 days 03:00:00.000000000,-15 days +21:13:00.000000000,0 days 00:04:00.000000000,614.0,628.0,0.0,667.04141743055,431.1027249089228,235.93869252162722,2022-07-12 10:16:00,0 days 06:44:00.000000000,0.0,False,2015-07-30 00:00:00,2020-10-22 07:12:00,1911 days 07:12:00.000000000,1911.0
89,0x3262f13a39efaca789ae58390441c9ed76bc658a,22,138498.04165199,,0,22,138498.15315199998,0.11150000000129599,2020-08-16 15:08:00,2022-05-14 21:11:00,,,42,0.1139743607980507,22,100.0,0.0,100.0,636 days 06:03:00.000000000,,,,636.0,,,217.76439174842764,,,2022-05-14 21:11:00,58 days 19:49:00.000000000,58.0,False,2015-07-30 00:00:00,2020-08-16 15:08:00,1844 days 15:08:00.000000000,1844.0
90,0x8fd589aa8bfa402156a6d1ad323fec0ecee50d9d,85,136526.82411929,,81,4,1171207.0054231235,1059679.7983260395,2022-04-19 07:47:00,2022-07-12 06:19:00,2022-04-19 07:49:00,2022-07-12 15:36:00,42,0.11235218437155704,-77,4.705882352941177,95.29411764705881,-90.58823529411765,83 days 22:32:00.000000000,84 days 07:47:00.000000000,-1 days +14:45:00.000000000,0 days 00:02:00.000000000,83.0,84.0,0.0,14110.92777618221,12615.235694357612,1495.692081824598,2022-07-12 15:36:00,0 days 01:24:00.000000000,0.0,False,2015-07-30 00:00:00,2022-04-19 07:47:00,2455 days 07:47:00.000000000,2455.0
91,0xb5ab08d153218c1a6a5318b14eeb92df0fb168d6,281,135283.676786,,6,275,285283.6795580077,150000.0,2017-05-14 01:41:00,2022-06-22 15:02:00,2017-07-25 01:17:00,2017-07-28 11:27:00,42,0.11132915963417087,269,97.86476868327402,2.135231316725979,95.72953736654804,1865 days 13:21:00.000000000,3 days 10:10:00.000000000,1862 days 03:11:00.000000000,71 days 23:36:00.000000000,1865.0,3.0,71.0,152.96712040643843,50000.0,-49847.032879593564,2022-06-22 15:02:00,20 days 01:58:00.000000000,20.0,False,2015-07-30 00:00:00,2017-05-14 01:41:00,654 days 01:41:00.000000000,654.0
92,0x8d95842b0bca501446683be598e12f1c616770c1,48,130000.0,,0,48,130000.0,0.0,2018-12-11 20:59:00,2022-06-22 15:07:00,,,42,0.10698105711109669,48,100.0,0.0,100.0,1288 days 18:08:00.000000000,,,,1288.0,,,100.93167701863354,,,2022-06-22 15:07:00,20 days 01:53:00.000000000,20.0,False,2015-07-30 00:00:00,2018-12-11 20:59:00,1230 days 20:59:00.000000000,1230.0
93,0x35aeed3aa9657abf8b847038bb591b51e1e4c69f,62,129793.40309661,,0,62,129793.4030966162,0.0,2020-02-19 18:58:00,2020-03-13 12:35:00,,,42,0.10681104207170791,62,100.0,0.0,100.0,22 days 17:37:00.000000000,,,,22.0,,,5899.700140755282,,,2020-03-13 12:35:00,851 days 04:25:00.000000000,851.0,False,2015-07-30 00:00:00,2020-02-19 18:58:00,1665 days 18:58:00.000000000,1665.0
94,0xb93d8596ac840816bd366dc0561e8140afd0d1cb,56,128576.12063659,,0,56,128576.12063659554,0.0,2020-03-02 23:12:00,2020-03-19 15:35:00,,,42,0.10580930234574072,56,100.0,0.0,100.0,16 days 16:23:00.000000000,,,,16.0,,,8036.0075397872215,,,2020-03-19 15:35:00,845 days 01:25:00.000000000,845.0,False,2015-07-30 00:00:00,2020-03-02 23:12:00,1677 days 23:12:00.000000000,1677.0
95,0xdcd0272462140d0a3ced6c4bf970c7641f08cd2c,10,123587.69025187,Exchange,9,1,124387.841256,800.0,2019-01-04 13:26:00,2019-01-04 13:26:00,2019-02-18 12:22:00,2020-11-29 17:45:00,42,0.10170416730049103,-8,10.0,90.0,-80.0,0 days 00:00:00.000000000,650 days 05:23:00.000000000,-651 days +18:37:00.000000000,44 days 22:56:00.000000000,0.0,650.0,44.0,inf,1.2307692307692308,inf,2020-11-29 17:45:00,589 days 23:15:00.000000000,589.0,False,2015-07-30 00:00:00,2019-01-04 13:26:00,1254 days 13:26:00.000000000,1254.0
96,0xcafea35ce5a2fc4ced4464da4349f81a122fd12b,3342,122210.37215823,,0,3342,162839.7224797635,40629.35032153173,2021-05-26 14:14:00,2022-07-10 13:56:00,,,42,0.10057072925713836,3342,100.0,0.0,100.0,409 days 23:42:00.000000000,,,,409.0,,,398.141130757368,,,2022-07-10 13:56:00,2 days 03:04:00.000000000,2.0,False,2015-07-30 00:00:00,2021-05-26 14:14:00,2127 days 14:14:00.000000000,2127.0
97,0x595faf77e533a5cd30ab5859c9a0116de8bad8db,50,120000.0,,0,50,120000.0,0.0,2020-09-04 01:09:00,2020-09-05 20:14:00,,,42,0.09875174502562772,50,100.0,0.0,100.0,1 days 19:05:00.000000000,,,,1.0,,,120000.0,,,2020-09-05 20:14:00,674 days 20:46:00.000000000,674.0,False,2015-07-30 00:00:00,2020-09-04 01:09:00,1863 days 01:09:00.000000000,1863.0
98,0x1bd3fc5ac794e7af8e834a8a4d25b08acd9266ce,53,120000.0,,0,53,120000.0,0.0,2020-07-27 21:14:00,2020-09-04 01:09:00,,,42,0.09875174502562772,53,100.0,0.0,100.0,38 days 03:55:00.000000000,,,,38.0,,,3157.8947368421054,,,2020-09-04 01:09:00,676 days 15:51:00.000000000,676.0,False,2015-07-30 00:00:00,2020-07-27 21:14:00,1824 days 21:14:00.000000000,1824.0
99,0xd5268a476aadd1a6729df5b3e5e8f2c1004139af,55,120000.0,,0,55,120000.0,0.0,2020-05-06 22:04:00,2020-07-23 17:44:00,,,42,0.09875174502562772,55,100.0,0.0,100.0,77 days 19:40:00.000000000,,,,77.0,,,1558.4415584415585,,,2020-07-23 17:44:00,718 days 23:16:00.000000000,718.0,False,2015-07-30 00:00:00,2020-05-06 22:04:00,1742 days 22:04:00.000000000,1742.0
